commit_message,era
fix bug #103,pre_ai
update code #436,pre_ai
changes #349,pre_ai
wip #271,pre_ai
stuff #107,pre_ai
fixed issue #72,pre_ai
updated file #189,pre_ai
minor fix #21,pre_ai
cleanup #103,pre_ai
bugfix #122,pre_ai
added feature #467,pre_ai
removed unused code #215,pre_ai
Merge branch 'main' #331,pre_ai
initial commit #459,pre_ai
v1.0 #88,pre_ai
fix bug #373,pre_ai
update code #100,pre_ai
changes #360,pre_ai
wip #152,pre_ai
stuff #131,pre_ai
fixed issue #150,pre_ai
updated file #309,pre_ai
minor fix #258,pre_ai
cleanup #344,pre_ai
bugfix #492,pre_ai
added feature #414,pre_ai
removed unused code #294,pre_ai
Merge branch 'main' #386,pre_ai
initial commit #192,pre_ai
v1.0 #444,pre_ai
fix bug #277,pre_ai
update code #161,pre_ai
changes #460,pre_ai
wip #314,pre_ai
stuff #22,pre_ai
fixed issue #253,pre_ai
updated file #236,pre_ai
minor fix #345,pre_ai
cleanup #49,pre_ai
bugfix #475,pre_ai
added feature #59,pre_ai
removed unused code #170,pre_ai
Merge branch 'main' #476,pre_ai
initial commit #188,pre_ai
v1.0 #464,pre_ai
fix bug #271,pre_ai
update code #190,pre_ai
changes #446,pre_ai
wip #175,pre_ai
stuff #446,pre_ai
fixed issue #51,pre_ai
updated file #364,pre_ai
minor fix #55,pre_ai
cleanup #244,pre_ai
bugfix #320,pre_ai
added feature #131,pre_ai
removed unused code #485,pre_ai
Merge branch 'main' #307,pre_ai
initial commit #135,pre_ai
v1.0 #21,pre_ai
fix bug #329,pre_ai
update code #167,pre_ai
changes #274,pre_ai
wip #388,pre_ai
stuff #89,pre_ai
fixed issue #316,pre_ai
updated file #14,pre_ai
minor fix #242,pre_ai
cleanup #265,pre_ai
bugfix #346,pre_ai
added feature #53,pre_ai
removed unused code #386,pre_ai
Merge branch 'main' #340,pre_ai
initial commit #92,pre_ai
v1.0 #367,pre_ai
fix bug #444,pre_ai
update code #455,pre_ai
changes #428,pre_ai
wip #264,pre_ai
stuff #431,pre_ai
fixed issue #35,pre_ai
updated file #206,pre_ai
minor fix #81,pre_ai
cleanup #420,pre_ai
bugfix #50,pre_ai
added feature #360,pre_ai
removed unused code #388,pre_ai
Merge branch 'main' #2,pre_ai
initial commit #390,pre_ai
v1.0 #54,pre_ai
fix bug #106,pre_ai
update code #260,pre_ai
changes #310,pre_ai
wip #477,pre_ai
stuff #191,pre_ai
fixed issue #402,pre_ai
updated file #218,pre_ai
minor fix #44,pre_ai
cleanup #162,pre_ai
bugfix #202,pre_ai
added feature #446,pre_ai
removed unused code #484,pre_ai
Merge branch 'main' #270,pre_ai
initial commit #351,pre_ai
v1.0 #304,pre_ai
fix bug #271,pre_ai
update code #456,pre_ai
changes #462,pre_ai
wip #215,pre_ai
stuff #252,pre_ai
fixed issue #190,pre_ai
updated file #296,pre_ai
minor fix #213,pre_ai
cleanup #208,pre_ai
bugfix #237,pre_ai
added feature #338,pre_ai
removed unused code #367,pre_ai
Merge branch 'main' #53,pre_ai
initial commit #280,pre_ai
v1.0 #410,pre_ai
fix bug #217,pre_ai
update code #252,pre_ai
changes #188,pre_ai
wip #380,pre_ai
stuff #493,pre_ai
fixed issue #41,pre_ai
updated file #157,pre_ai
minor fix #15,pre_ai
cleanup #301,pre_ai
bugfix #65,pre_ai
added feature #345,pre_ai
removed unused code #327,pre_ai
Merge branch 'main' #9,pre_ai
initial commit #344,pre_ai
v1.0 #129,pre_ai
fix bug #492,pre_ai
update code #136,pre_ai
changes #472,pre_ai
wip #63,pre_ai
stuff #139,pre_ai
fixed issue #499,pre_ai
updated file #81,pre_ai
minor fix #392,pre_ai
cleanup #163,pre_ai
bugfix #419,pre_ai
added feature #289,pre_ai
removed unused code #379,pre_ai
Merge branch 'main' #261,pre_ai
initial commit #490,pre_ai
v1.0 #231,pre_ai
fix bug #41,pre_ai
update code #28,pre_ai
changes #135,pre_ai
wip #201,pre_ai
stuff #328,pre_ai
fixed issue #268,pre_ai
updated file #418,pre_ai
minor fix #33,pre_ai
cleanup #48,pre_ai
bugfix #407,pre_ai
added feature #62,pre_ai
removed unused code #216,pre_ai
Merge branch 'main' #293,pre_ai
initial commit #99,pre_ai
v1.0 #172,pre_ai
fix bug #360,pre_ai
update code #214,pre_ai
changes #475,pre_ai
wip #35,pre_ai
stuff #449,pre_ai
fixed issue #227,pre_ai
updated file #101,pre_ai
minor fix #431,pre_ai
cleanup #462,pre_ai
bugfix #131,pre_ai
added feature #257,pre_ai
removed unused code #5,pre_ai
Merge branch 'main' #218,pre_ai
initial commit #255,pre_ai
v1.0 #398,pre_ai
fix bug #359,pre_ai
update code #283,pre_ai
changes #393,pre_ai
wip #207,pre_ai
stuff #15,pre_ai
fixed issue #346,pre_ai
updated file #42,pre_ai
minor fix #380,pre_ai
cleanup #461,pre_ai
bugfix #179,pre_ai
added feature #63,pre_ai
removed unused code #352,pre_ai
Merge branch 'main' #231,pre_ai
initial commit #241,pre_ai
v1.0 #52,pre_ai
fix bug #96,pre_ai
update code #388,pre_ai
changes #222,pre_ai
wip #485,pre_ai
stuff #407,pre_ai
fixed issue #231,pre_ai
updated file #237,pre_ai
minor fix #143,pre_ai
cleanup #171,pre_ai
bugfix #29,pre_ai
added feature #36,pre_ai
removed unused code #13,pre_ai
Merge branch 'main' #160,pre_ai
initial commit #327,pre_ai
v1.0 #187,pre_ai
fix bug #243,pre_ai
update code #86,pre_ai
changes #284,pre_ai
wip #66,pre_ai
stuff #170,pre_ai
fixed issue #45,pre_ai
updated file #62,pre_ai
minor fix #441,pre_ai
cleanup #134,pre_ai
bugfix #284,pre_ai
added feature #28,pre_ai
removed unused code #108,pre_ai
Merge branch 'main' #44,pre_ai
initial commit #340,pre_ai
v1.0 #286,pre_ai
fix bug #446,pre_ai
update code #331,pre_ai
changes #128,pre_ai
wip #348,pre_ai
stuff #473,pre_ai
fixed issue #231,pre_ai
updated file #190,pre_ai
minor fix #225,pre_ai
cleanup #385,pre_ai
bugfix #377,pre_ai
added feature #283,pre_ai
removed unused code #446,pre_ai
Merge branch 'main' #121,pre_ai
initial commit #116,pre_ai
v1.0 #461,pre_ai
fix bug #233,pre_ai
update code #259,pre_ai
changes #359,pre_ai
wip #198,pre_ai
stuff #456,pre_ai
fixed issue #411,pre_ai
updated file #137,pre_ai
minor fix #318,pre_ai
cleanup #165,pre_ai
bugfix #225,pre_ai
added feature #307,pre_ai
removed unused code #234,pre_ai
Merge branch 'main' #172,pre_ai
initial commit #152,pre_ai
v1.0 #463,pre_ai
fix bug #315,pre_ai
update code #374,pre_ai
changes #160,pre_ai
wip #96,pre_ai
stuff #472,pre_ai
fixed issue #233,pre_ai
updated file #180,pre_ai
minor fix #113,pre_ai
cleanup #318,pre_ai
bugfix #497,pre_ai
added feature #442,pre_ai
removed unused code #52,pre_ai
Merge branch 'main' #268,pre_ai
initial commit #295,pre_ai
v1.0 #386,pre_ai
fix bug #387,pre_ai
update code #113,pre_ai
changes #101,pre_ai
wip #113,pre_ai
stuff #440,pre_ai
fixed issue #81,pre_ai
updated file #187,pre_ai
minor fix #113,pre_ai
cleanup #2,pre_ai
bugfix #130,pre_ai
added feature #220,pre_ai
removed unused code #54,pre_ai
Merge branch 'main' #343,pre_ai
initial commit #485,pre_ai
v1.0 #224,pre_ai
fix bug #225,pre_ai
update code #385,pre_ai
changes #403,pre_ai
wip #126,pre_ai
stuff #130,pre_ai
fixed issue #53,pre_ai
updated file #172,pre_ai
minor fix #218,pre_ai
cleanup #160,pre_ai
bugfix #198,pre_ai
added feature #416,pre_ai
removed unused code #247,pre_ai
Merge branch 'main' #324,pre_ai
initial commit #439,pre_ai
v1.0 #203,pre_ai
fix bug #184,pre_ai
update code #123,pre_ai
changes #401,pre_ai
wip #255,pre_ai
stuff #294,pre_ai
fixed issue #280,pre_ai
updated file #325,pre_ai
minor fix #372,pre_ai
cleanup #98,pre_ai
bugfix #198,pre_ai
added feature #470,pre_ai
removed unused code #395,pre_ai
Merge branch 'main' #240,pre_ai
initial commit #144,pre_ai
v1.0 #97,pre_ai
fix bug #201,pre_ai
update code #124,pre_ai
changes #187,pre_ai
wip #326,pre_ai
stuff #464,pre_ai
fixed issue #349,pre_ai
updated file #259,pre_ai
minor fix #148,pre_ai
cleanup #252,pre_ai
bugfix #443,pre_ai
added feature #420,pre_ai
removed unused code #403,pre_ai
Merge branch 'main' #346,pre_ai
initial commit #451,pre_ai
v1.0 #147,pre_ai
fix bug #148,pre_ai
update code #352,pre_ai
changes #199,pre_ai
wip #308,pre_ai
stuff #489,pre_ai
fixed issue #417,pre_ai
updated file #424,pre_ai
minor fix #128,pre_ai
cleanup #39,pre_ai
bugfix #338,pre_ai
added feature #360,pre_ai
removed unused code #129,pre_ai
Merge branch 'main' #267,pre_ai
initial commit #476,pre_ai
v1.0 #441,pre_ai
fix bug #473,pre_ai
update code #434,pre_ai
changes #151,pre_ai
wip #415,pre_ai
stuff #478,pre_ai
fixed issue #298,pre_ai
updated file #99,pre_ai
minor fix #263,pre_ai
cleanup #252,pre_ai
bugfix #144,pre_ai
added feature #346,pre_ai
removed unused code #112,pre_ai
Merge branch 'main' #60,pre_ai
initial commit #369,pre_ai
v1.0 #2,pre_ai
fix bug #385,pre_ai
update code #304,pre_ai
changes #254,pre_ai
wip #140,pre_ai
stuff #453,pre_ai
fixed issue #37,pre_ai
updated file #160,pre_ai
minor fix #9,pre_ai
cleanup #233,pre_ai
bugfix #99,pre_ai
added feature #147,pre_ai
removed unused code #304,pre_ai
Merge branch 'main' #208,pre_ai
initial commit #131,pre_ai
v1.0 #404,pre_ai
fix bug #152,pre_ai
update code #54,pre_ai
changes #120,pre_ai
wip #161,pre_ai
stuff #408,pre_ai
fixed issue #116,pre_ai
updated file #75,pre_ai
minor fix #113,pre_ai
cleanup #456,pre_ai
bugfix #420,pre_ai
added feature #422,pre_ai
removed unused code #104,pre_ai
Merge branch 'main' #340,pre_ai
initial commit #254,pre_ai
v1.0 #227,pre_ai
fix bug #112,pre_ai
update code #473,pre_ai
changes #99,pre_ai
wip #153,pre_ai
stuff #349,pre_ai
fixed issue #402,pre_ai
updated file #384,pre_ai
minor fix #366,pre_ai
cleanup #338,pre_ai
bugfix #194,pre_ai
added feature #310,pre_ai
removed unused code #163,pre_ai
Merge branch 'main' #208,pre_ai
initial commit #445,pre_ai
v1.0 #169,pre_ai
fix bug #484,pre_ai
update code #161,pre_ai
changes #68,pre_ai
wip #289,pre_ai
stuff #398,pre_ai
fixed issue #277,pre_ai
updated file #304,pre_ai
minor fix #404,pre_ai
cleanup #384,pre_ai
bugfix #392,pre_ai
added feature #135,pre_ai
removed unused code #195,pre_ai
Merge branch 'main' #401,pre_ai
initial commit #128,pre_ai
v1.0 #33,pre_ai
fix bug #176,pre_ai
update code #460,pre_ai
changes #443,pre_ai
wip #371,pre_ai
stuff #470,pre_ai
fixed issue #375,pre_ai
updated file #22,pre_ai
minor fix #238,pre_ai
cleanup #158,pre_ai
bugfix #38,pre_ai
added feature #230,pre_ai
removed unused code #365,pre_ai
Merge branch 'main' #51,pre_ai
initial commit #438,pre_ai
v1.0 #264,pre_ai
fix bug #283,pre_ai
update code #27,pre_ai
changes #226,pre_ai
wip #277,pre_ai
stuff #286,pre_ai
fixed issue #97,pre_ai
updated file #284,pre_ai
minor fix #367,pre_ai
cleanup #448,pre_ai
bugfix #481,pre_ai
added feature #453,pre_ai
removed unused code #317,pre_ai
Merge branch 'main' #304,pre_ai
initial commit #147,pre_ai
v1.0 #4,pre_ai
fix bug #35,pre_ai
update code #192,pre_ai
changes #49,pre_ai
wip #17,pre_ai
stuff #172,pre_ai
fixed issue #220,pre_ai
updated file #158,pre_ai
minor fix #477,pre_ai
cleanup #46,pre_ai
bugfix #373,pre_ai
added feature #6,pre_ai
removed unused code #99,pre_ai
Merge branch 'main' #380,pre_ai
initial commit #233,pre_ai
v1.0 #37,pre_ai
fix bug #280,pre_ai
update code #349,pre_ai
changes #497,pre_ai
wip #302,pre_ai
stuff #181,pre_ai
fixed issue #95,pre_ai
updated file #99,pre_ai
minor fix #188,pre_ai
cleanup #481,pre_ai
bugfix #116,pre_ai
added feature #191,pre_ai
removed unused code #253,pre_ai
Merge branch 'main' #469,pre_ai
initial commit #416,pre_ai
v1.0 #471,pre_ai
fix bug #161,pre_ai
update code #256,pre_ai
changes #323,pre_ai
wip #128,pre_ai
stuff #18,pre_ai
fixed issue #281,pre_ai
updated file #490,pre_ai
minor fix #223,pre_ai
cleanup #54,pre_ai
bugfix #58,pre_ai
added feature #323,pre_ai
removed unused code #360,pre_ai
Merge branch 'main' #174,pre_ai
initial commit #280,pre_ai
v1.0 #114,pre_ai
fix bug #288,pre_ai
update code #431,pre_ai
changes #342,pre_ai
wip #151,pre_ai
stuff #450,pre_ai
fixed issue #127,pre_ai
updated file #155,pre_ai
minor fix #490,pre_ai
cleanup #386,pre_ai
bugfix #474,pre_ai
added feature #273,pre_ai
removed unused code #104,pre_ai
Merge branch 'main' #417,pre_ai
initial commit #393,pre_ai
v1.0 #299,pre_ai
fix bug #246,pre_ai
update code #176,pre_ai
changes #39,pre_ai
wip #477,pre_ai
stuff #170,pre_ai
fixed issue #247,pre_ai
updated file #26,pre_ai
minor fix #355,pre_ai
cleanup #306,pre_ai
bugfix #409,pre_ai
added feature #408,pre_ai
removed unused code #13,pre_ai
Merge branch 'main' #316,pre_ai
initial commit #391,pre_ai
v1.0 #313,pre_ai
fix bug #36,pre_ai
update code #173,pre_ai
changes #20,pre_ai
wip #321,pre_ai
stuff #264,pre_ai
fixed issue #494,pre_ai
updated file #400,pre_ai
minor fix #142,pre_ai
cleanup #460,pre_ai
bugfix #371,pre_ai
added feature #471,pre_ai
removed unused code #143,pre_ai
Merge branch 'main' #92,pre_ai
initial commit #354,pre_ai
v1.0 #322,pre_ai
fix bug #288,pre_ai
update code #215,pre_ai
changes #447,pre_ai
wip #342,pre_ai
stuff #51,pre_ai
fixed issue #153,pre_ai
updated file #186,pre_ai
minor fix #63,pre_ai
cleanup #190,pre_ai
bugfix #125,pre_ai
added feature #150,pre_ai
removed unused code #314,pre_ai
Merge branch 'main' #58,pre_ai
initial commit #342,pre_ai
v1.0 #305,pre_ai
fix bug #180,pre_ai
update code #170,pre_ai
changes #326,pre_ai
wip #271,pre_ai
stuff #54,pre_ai
fixed issue #491,pre_ai
updated file #444,pre_ai
minor fix #101,pre_ai
cleanup #481,pre_ai
bugfix #264,pre_ai
added feature #53,pre_ai
removed unused code #60,pre_ai
Merge branch 'main' #492,pre_ai
initial commit #108,pre_ai
v1.0 #5,pre_ai
fix bug #103,pre_ai
update code #196,pre_ai
changes #262,pre_ai
wip #365,pre_ai
stuff #480,pre_ai
fixed issue #372,pre_ai
updated file #350,pre_ai
minor fix #47,pre_ai
cleanup #355,pre_ai
bugfix #311,pre_ai
added feature #424,pre_ai
removed unused code #308,pre_ai
Merge branch 'main' #144,pre_ai
initial commit #269,pre_ai
v1.0 #370,pre_ai
fix bug #124,pre_ai
update code #106,pre_ai
changes #158,pre_ai
wip #147,pre_ai
stuff #145,pre_ai
fixed issue #120,pre_ai
updated file #319,pre_ai
minor fix #275,pre_ai
cleanup #92,pre_ai
bugfix #58,pre_ai
added feature #439,pre_ai
removed unused code #346,pre_ai
Merge branch 'main' #229,pre_ai
initial commit #474,pre_ai
v1.0 #117,pre_ai
fix bug #318,pre_ai
update code #279,pre_ai
changes #127,pre_ai
wip #393,pre_ai
stuff #396,pre_ai
fixed issue #129,pre_ai
updated file #58,pre_ai
minor fix #122,pre_ai
cleanup #1,pre_ai
bugfix #239,pre_ai
added feature #290,pre_ai
removed unused code #96,pre_ai
Merge branch 'main' #126,pre_ai
initial commit #118,pre_ai
v1.0 #48,pre_ai
fix bug #89,pre_ai
update code #488,pre_ai
changes #237,pre_ai
wip #373,pre_ai
stuff #385,pre_ai
fixed issue #272,pre_ai
updated file #189,pre_ai
minor fix #487,pre_ai
cleanup #192,pre_ai
bugfix #447,pre_ai
added feature #69,pre_ai
removed unused code #278,pre_ai
Merge branch 'main' #349,pre_ai
initial commit #247,pre_ai
v1.0 #451,pre_ai
fix bug #76,pre_ai
update code #154,pre_ai
changes #144,pre_ai
wip #435,pre_ai
stuff #485,pre_ai
fixed issue #86,pre_ai
updated file #185,pre_ai
minor fix #285,pre_ai
cleanup #462,pre_ai
bugfix #220,pre_ai
added feature #69,pre_ai
removed unused code #47,pre_ai
Merge branch 'main' #497,pre_ai
initial commit #94,pre_ai
v1.0 #238,pre_ai
fix bug #446,pre_ai
update code #453,pre_ai
changes #204,pre_ai
wip #400,pre_ai
stuff #218,pre_ai
fixed issue #474,pre_ai
updated file #432,pre_ai
minor fix #341,pre_ai
cleanup #39,pre_ai
bugfix #100,pre_ai
added feature #289,pre_ai
removed unused code #254,pre_ai
Merge branch 'main' #222,pre_ai
initial commit #357,pre_ai
v1.0 #23,pre_ai
fix bug #250,pre_ai
update code #10,pre_ai
changes #246,pre_ai
wip #325,pre_ai
stuff #100,pre_ai
fixed issue #290,pre_ai
updated file #180,pre_ai
minor fix #223,pre_ai
cleanup #394,pre_ai
bugfix #250,pre_ai
added feature #147,pre_ai
removed unused code #442,pre_ai
Merge branch 'main' #96,pre_ai
initial commit #257,pre_ai
v1.0 #325,pre_ai
fix bug #493,pre_ai
update code #4,pre_ai
changes #16,pre_ai
wip #280,pre_ai
stuff #336,pre_ai
fixed issue #247,pre_ai
updated file #258,pre_ai
minor fix #497,pre_ai
cleanup #476,pre_ai
bugfix #384,pre_ai
added feature #160,pre_ai
removed unused code #475,pre_ai
Merge branch 'main' #340,pre_ai
initial commit #152,pre_ai
v1.0 #396,pre_ai
fix bug #178,pre_ai
update code #163,pre_ai
changes #380,pre_ai
wip #33,pre_ai
stuff #417,pre_ai
fixed issue #445,pre_ai
updated file #179,pre_ai
minor fix #427,pre_ai
cleanup #101,pre_ai
bugfix #268,pre_ai
added feature #323,pre_ai
removed unused code #65,pre_ai
Merge branch 'main' #417,pre_ai
initial commit #168,pre_ai
v1.0 #330,pre_ai
fix bug #43,pre_ai
update code #44,pre_ai
changes #285,pre_ai
wip #397,pre_ai
stuff #12,pre_ai
fixed issue #95,pre_ai
updated file #302,pre_ai
minor fix #386,pre_ai
cleanup #253,pre_ai
bugfix #499,pre_ai
added feature #242,pre_ai
removed unused code #35,pre_ai
Merge branch 'main' #215,pre_ai
initial commit #337,pre_ai
v1.0 #90,pre_ai
fix bug #264,pre_ai
update code #93,pre_ai
changes #410,pre_ai
wip #458,pre_ai
stuff #90,pre_ai
fixed issue #418,pre_ai
updated file #115,pre_ai
minor fix #105,pre_ai
cleanup #391,pre_ai
bugfix #196,pre_ai
added feature #314,pre_ai
removed unused code #114,pre_ai
Merge branch 'main' #493,pre_ai
initial commit #75,pre_ai
v1.0 #413,pre_ai
fix bug #376,pre_ai
update code #420,pre_ai
changes #217,pre_ai
wip #277,pre_ai
stuff #249,pre_ai
fixed issue #164,pre_ai
updated file #394,pre_ai
minor fix #357,pre_ai
cleanup #457,pre_ai
bugfix #408,pre_ai
added feature #192,pre_ai
removed unused code #227,pre_ai
Merge branch 'main' #177,pre_ai
initial commit #99,pre_ai
v1.0 #496,pre_ai
fix bug #36,pre_ai
update code #466,pre_ai
changes #497,pre_ai
wip #487,pre_ai
stuff #96,pre_ai
fixed issue #152,pre_ai
updated file #151,pre_ai
minor fix #190,pre_ai
cleanup #224,pre_ai
bugfix #37,pre_ai
added feature #268,pre_ai
removed unused code #369,pre_ai
Merge branch 'main' #183,pre_ai
initial commit #13,pre_ai
v1.0 #279,pre_ai
fix bug #217,pre_ai
update code #355,pre_ai
changes #361,pre_ai
wip #286,pre_ai
stuff #273,pre_ai
fixed issue #369,pre_ai
updated file #62,pre_ai
minor fix #84,pre_ai
cleanup #368,pre_ai
bugfix #217,pre_ai
added feature #342,pre_ai
removed unused code #397,pre_ai
Merge branch 'main' #187,pre_ai
initial commit #19,pre_ai
v1.0 #177,pre_ai
fix bug #100,pre_ai
update code #396,pre_ai
changes #445,pre_ai
wip #233,pre_ai
stuff #403,pre_ai
fixed issue #76,pre_ai
updated file #265,pre_ai
minor fix #455,pre_ai
cleanup #284,pre_ai
bugfix #206,pre_ai
added feature #223,pre_ai
removed unused code #384,pre_ai
Merge branch 'main' #52,pre_ai
initial commit #339,pre_ai
v1.0 #367,pre_ai
fix bug #144,pre_ai
update code #373,pre_ai
changes #69,pre_ai
wip #99,pre_ai
stuff #396,pre_ai
fixed issue #25,pre_ai
updated file #436,pre_ai
minor fix #379,pre_ai
cleanup #469,pre_ai
bugfix #484,pre_ai
added feature #53,pre_ai
removed unused code #151,pre_ai
Merge branch 'main' #144,pre_ai
initial commit #57,pre_ai
v1.0 #39,pre_ai
fix bug #109,pre_ai
update code #181,pre_ai
changes #42,pre_ai
wip #186,pre_ai
stuff #423,pre_ai
fixed issue #398,pre_ai
updated file #223,pre_ai
minor fix #122,pre_ai
cleanup #133,pre_ai
bugfix #163,pre_ai
added feature #215,pre_ai
removed unused code #221,pre_ai
Merge branch 'main' #235,pre_ai
initial commit #331,pre_ai
v1.0 #146,pre_ai
fix bug #239,pre_ai
update code #76,pre_ai
changes #9,pre_ai
wip #74,pre_ai
stuff #442,pre_ai
fixed issue #492,pre_ai
updated file #401,pre_ai
minor fix #253,pre_ai
cleanup #230,pre_ai
bugfix #7,pre_ai
added feature #174,pre_ai
removed unused code #141,pre_ai
Merge branch 'main' #168,pre_ai
initial commit #170,pre_ai
v1.0 #393,pre_ai
fix bug #434,pre_ai
update code #283,pre_ai
changes #122,pre_ai
wip #194,pre_ai
stuff #5,pre_ai
fixed issue #29,pre_ai
updated file #165,pre_ai
minor fix #422,pre_ai
cleanup #339,pre_ai
bugfix #136,pre_ai
added feature #496,pre_ai
removed unused code #365,pre_ai
Merge branch 'main' #321,pre_ai
initial commit #342,pre_ai
v1.0 #145,pre_ai
fix bug #327,pre_ai
update code #217,pre_ai
changes #301,pre_ai
wip #132,pre_ai
stuff #292,pre_ai
fixed issue #70,pre_ai
updated file #252,pre_ai
minor fix #415,pre_ai
cleanup #275,pre_ai
bugfix #445,pre_ai
added feature #364,pre_ai
removed unused code #182,pre_ai
Merge branch 'main' #167,pre_ai
initial commit #91,pre_ai
v1.0 #202,pre_ai
fix bug #346,pre_ai
update code #19,pre_ai
changes #39,pre_ai
wip #126,pre_ai
stuff #451,pre_ai
fixed issue #173,pre_ai
updated file #141,pre_ai
minor fix #242,pre_ai
cleanup #220,pre_ai
bugfix #126,pre_ai
added feature #58,pre_ai
removed unused code #148,pre_ai
Merge branch 'main' #476,pre_ai
initial commit #456,pre_ai
v1.0 #317,pre_ai
fix bug #383,pre_ai
update code #361,pre_ai
changes #423,pre_ai
wip #1,pre_ai
stuff #387,pre_ai
fixed issue #461,pre_ai
updated file #348,pre_ai
minor fix #190,pre_ai
cleanup #191,pre_ai
bugfix #369,pre_ai
added feature #409,pre_ai
removed unused code #312,pre_ai
Merge branch 'main' #417,pre_ai
initial commit #422,pre_ai
v1.0 #117,pre_ai
fix bug #134,pre_ai
update code #58,pre_ai
changes #44,pre_ai
wip #173,pre_ai
stuff #160,pre_ai
fixed issue #173,pre_ai
updated file #317,pre_ai
minor fix #303,pre_ai
cleanup #149,pre_ai
bugfix #80,pre_ai
added feature #374,pre_ai
removed unused code #213,pre_ai
Merge branch 'main' #203,pre_ai
initial commit #252,pre_ai
v1.0 #229,pre_ai
fix bug #164,pre_ai
update code #227,pre_ai
changes #147,pre_ai
wip #20,pre_ai
stuff #441,pre_ai
fixed issue #402,pre_ai
updated file #47,pre_ai
minor fix #233,pre_ai
cleanup #305,pre_ai
bugfix #14,pre_ai
added feature #143,pre_ai
removed unused code #415,pre_ai
Merge branch 'main' #1,pre_ai
initial commit #373,pre_ai
v1.0 #54,pre_ai
fix bug #374,pre_ai
update code #259,pre_ai
changes #144,pre_ai
wip #471,pre_ai
stuff #441,pre_ai
fixed issue #459,pre_ai
updated file #12,pre_ai
minor fix #330,pre_ai
cleanup #224,pre_ai
bugfix #272,pre_ai
added feature #456,pre_ai
removed unused code #358,pre_ai
Merge branch 'main' #460,pre_ai
initial commit #408,pre_ai
v1.0 #156,pre_ai
fix bug #373,pre_ai
update code #8,pre_ai
changes #122,pre_ai
wip #348,pre_ai
stuff #164,pre_ai
fixed issue #90,pre_ai
updated file #136,pre_ai
minor fix #186,pre_ai
cleanup #316,pre_ai
bugfix #178,pre_ai
added feature #28,pre_ai
removed unused code #220,pre_ai
Merge branch 'main' #357,pre_ai
initial commit #41,pre_ai
v1.0 #228,pre_ai
fix bug #192,pre_ai
update code #411,pre_ai
changes #447,pre_ai
wip #145,pre_ai
stuff #201,pre_ai
fixed issue #417,pre_ai
updated file #212,pre_ai
minor fix #461,pre_ai
cleanup #220,pre_ai
bugfix #240,pre_ai
added feature #413,pre_ai
removed unused code #397,pre_ai
Merge branch 'main' #46,pre_ai
initial commit #35,pre_ai
v1.0 #253,pre_ai
fix bug #390,pre_ai
update code #82,pre_ai
changes #371,pre_ai
wip #256,pre_ai
stuff #197,pre_ai
fixed issue #303,pre_ai
updated file #409,pre_ai
minor fix #450,pre_ai
cleanup #10,pre_ai
bugfix #312,pre_ai
added feature #286,pre_ai
removed unused code #242,pre_ai
Merge branch 'main' #251,pre_ai
initial commit #365,pre_ai
v1.0 #5,pre_ai
fix bug #119,pre_ai
update code #289,pre_ai
changes #374,pre_ai
wip #65,pre_ai
stuff #146,pre_ai
fixed issue #224,pre_ai
updated file #239,pre_ai
minor fix #177,pre_ai
cleanup #267,pre_ai
bugfix #341,pre_ai
added feature #282,pre_ai
removed unused code #63,pre_ai
Merge branch 'main' #217,pre_ai
initial commit #342,pre_ai
v1.0 #315,pre_ai
fix bug #283,pre_ai
update code #177,pre_ai
changes #461,pre_ai
wip #417,pre_ai
stuff #98,pre_ai
fixed issue #105,pre_ai
updated file #99,pre_ai
minor fix #385,pre_ai
cleanup #405,pre_ai
bugfix #496,pre_ai
added feature #311,pre_ai
removed unused code #6,pre_ai
Merge branch 'main' #476,pre_ai
initial commit #465,pre_ai
v1.0 #197,pre_ai
fix bug #351,pre_ai
update code #133,pre_ai
changes #358,pre_ai
wip #259,pre_ai
stuff #437,pre_ai
fixed issue #23,pre_ai
updated file #485,pre_ai
minor fix #53,pre_ai
cleanup #165,pre_ai
bugfix #202,pre_ai
added feature #458,pre_ai
removed unused code #83,pre_ai
Merge branch 'main' #145,pre_ai
initial commit #85,pre_ai
v1.0 #78,pre_ai
fix bug #457,pre_ai
update code #366,pre_ai
changes #1,pre_ai
wip #51,pre_ai
stuff #173,pre_ai
fixed issue #205,pre_ai
updated file #260,pre_ai
minor fix #446,pre_ai
cleanup #449,pre_ai
bugfix #369,pre_ai
added feature #488,pre_ai
removed unused code #288,pre_ai
Merge branch 'main' #34,pre_ai
initial commit #348,pre_ai
v1.0 #95,pre_ai
fix bug #72,pre_ai
update code #39,pre_ai
changes #154,pre_ai
wip #250,pre_ai
stuff #162,pre_ai
fixed issue #438,pre_ai
updated file #118,pre_ai
minor fix #259,pre_ai
cleanup #379,pre_ai
bugfix #306,pre_ai
added feature #268,pre_ai
removed unused code #449,pre_ai
Merge branch 'main' #54,pre_ai
initial commit #236,pre_ai
v1.0 #389,pre_ai
fix bug #478,pre_ai
update code #222,pre_ai
changes #251,pre_ai
wip #313,pre_ai
stuff #401,pre_ai
fixed issue #112,pre_ai
updated file #255,pre_ai
minor fix #303,pre_ai
cleanup #407,pre_ai
bugfix #207,pre_ai
added feature #229,pre_ai
removed unused code #341,pre_ai
Merge branch 'main' #398,pre_ai
initial commit #66,pre_ai
v1.0 #75,pre_ai
fix bug #435,pre_ai
update code #103,pre_ai
changes #422,pre_ai
wip #192,pre_ai
stuff #252,pre_ai
fixed issue #226,pre_ai
updated file #294,pre_ai
minor fix #306,pre_ai
cleanup #98,pre_ai
bugfix #338,pre_ai
added feature #286,pre_ai
removed unused code #335,pre_ai
Merge branch 'main' #347,pre_ai
initial commit #435,pre_ai
v1.0 #447,pre_ai
fix bug #482,pre_ai
update code #308,pre_ai
changes #249,pre_ai
wip #166,pre_ai
stuff #481,pre_ai
fixed issue #472,pre_ai
updated file #335,pre_ai
minor fix #30,pre_ai
cleanup #247,pre_ai
bugfix #106,pre_ai
added feature #51,pre_ai
removed unused code #81,pre_ai
Merge branch 'main' #133,pre_ai
initial commit #285,pre_ai
v1.0 #388,pre_ai
fix bug #138,pre_ai
update code #184,pre_ai
changes #401,pre_ai
wip #330,pre_ai
stuff #273,pre_ai
fixed issue #340,pre_ai
updated file #472,pre_ai
minor fix #69,pre_ai
cleanup #34,pre_ai
bugfix #262,pre_ai
added feature #53,pre_ai
removed unused code #450,pre_ai
Merge branch 'main' #205,pre_ai
initial commit #126,pre_ai
v1.0 #235,pre_ai
fix bug #43,pre_ai
update code #240,pre_ai
changes #459,pre_ai
wip #371,pre_ai
stuff #111,pre_ai
fixed issue #249,pre_ai
updated file #151,pre_ai
minor fix #183,pre_ai
cleanup #336,pre_ai
bugfix #95,pre_ai
added feature #459,pre_ai
removed unused code #374,pre_ai
Merge branch 'main' #400,pre_ai
initial commit #8,pre_ai
v1.0 #388,pre_ai
fix bug #360,pre_ai
update code #388,pre_ai
changes #184,pre_ai
wip #281,pre_ai
stuff #195,pre_ai
fixed issue #352,pre_ai
updated file #195,pre_ai
minor fix #155,pre_ai
cleanup #93,pre_ai
bugfix #160,pre_ai
added feature #434,pre_ai
removed unused code #61,pre_ai
Merge branch 'main' #122,pre_ai
initial commit #51,pre_ai
v1.0 #403,pre_ai
fix bug #277,pre_ai
update code #5,pre_ai
changes #466,pre_ai
wip #92,pre_ai
stuff #170,pre_ai
fixed issue #317,pre_ai
updated file #22,pre_ai
minor fix #405,pre_ai
cleanup #326,pre_ai
bugfix #1,pre_ai
added feature #133,pre_ai
removed unused code #233,pre_ai
Merge branch 'main' #12,pre_ai
initial commit #346,pre_ai
v1.0 #46,pre_ai
fix bug #34,pre_ai
update code #433,pre_ai
changes #78,pre_ai
wip #218,pre_ai
stuff #301,pre_ai
fixed issue #411,pre_ai
updated file #73,pre_ai
minor fix #282,pre_ai
cleanup #249,pre_ai
bugfix #47,pre_ai
added feature #121,pre_ai
removed unused code #214,pre_ai
Merge branch 'main' #239,pre_ai
initial commit #56,pre_ai
v1.0 #350,pre_ai
fix bug #107,pre_ai
update code #319,pre_ai
changes #48,pre_ai
wip #61,pre_ai
stuff #337,pre_ai
fixed issue #26,pre_ai
updated file #292,pre_ai
minor fix #257,pre_ai
cleanup #8,pre_ai
bugfix #113,pre_ai
added feature #355,pre_ai
removed unused code #253,pre_ai
Merge branch 'main' #180,pre_ai
initial commit #207,pre_ai
v1.0 #303,pre_ai
fix bug #127,pre_ai
update code #56,pre_ai
changes #214,pre_ai
wip #14,pre_ai
stuff #474,pre_ai
fixed issue #28,pre_ai
updated file #471,pre_ai
minor fix #78,pre_ai
cleanup #216,pre_ai
bugfix #386,pre_ai
added feature #365,pre_ai
removed unused code #154,pre_ai
Merge branch 'main' #14,pre_ai
initial commit #187,pre_ai
v1.0 #312,pre_ai
fix bug #371,pre_ai
update code #7,pre_ai
changes #3,pre_ai
wip #111,pre_ai
stuff #407,pre_ai
fixed issue #238,pre_ai
updated file #363,pre_ai
minor fix #239,pre_ai
cleanup #493,pre_ai
bugfix #274,pre_ai
added feature #294,pre_ai
removed unused code #227,pre_ai
Merge branch 'main' #371,pre_ai
initial commit #15,pre_ai
v1.0 #192,pre_ai
fix bug #473,pre_ai
update code #119,pre_ai
changes #485,pre_ai
wip #28,pre_ai
stuff #202,pre_ai
fixed issue #39,pre_ai
updated file #441,pre_ai
minor fix #273,pre_ai
cleanup #231,pre_ai
bugfix #86,pre_ai
added feature #474,pre_ai
removed unused code #126,pre_ai
Merge branch 'main' #300,pre_ai
initial commit #25,pre_ai
v1.0 #145,pre_ai
fix bug #13,pre_ai
update code #212,pre_ai
changes #25,pre_ai
wip #68,pre_ai
stuff #394,pre_ai
fixed issue #67,pre_ai
updated file #233,pre_ai
minor fix #109,pre_ai
cleanup #146,pre_ai
bugfix #111,pre_ai
added feature #228,pre_ai
removed unused code #111,pre_ai
Merge branch 'main' #470,pre_ai
initial commit #34,pre_ai
v1.0 #111,pre_ai
fix bug #264,pre_ai
update code #424,pre_ai
changes #369,pre_ai
wip #236,pre_ai
stuff #83,pre_ai
fixed issue #42,pre_ai
updated file #425,pre_ai
minor fix #101,pre_ai
cleanup #6,pre_ai
bugfix #180,pre_ai
added feature #282,pre_ai
removed unused code #320,pre_ai
Merge branch 'main' #226,pre_ai
initial commit #443,pre_ai
v1.0 #440,pre_ai
fix bug #315,pre_ai
update code #365,pre_ai
changes #454,pre_ai
wip #229,pre_ai
stuff #377,pre_ai
fixed issue #289,pre_ai
updated file #437,pre_ai
minor fix #150,pre_ai
cleanup #277,pre_ai
bugfix #198,pre_ai
added feature #70,pre_ai
removed unused code #112,pre_ai
Merge branch 'main' #4,pre_ai
initial commit #350,pre_ai
v1.0 #331,pre_ai
fix bug #446,pre_ai
update code #318,pre_ai
changes #350,pre_ai
wip #95,pre_ai
stuff #152,pre_ai
fixed issue #311,pre_ai
updated file #137,pre_ai
minor fix #247,pre_ai
cleanup #387,pre_ai
bugfix #243,pre_ai
added feature #31,pre_ai
removed unused code #40,pre_ai
Merge branch 'main' #229,pre_ai
initial commit #36,pre_ai
v1.0 #408,pre_ai
fix bug #223,pre_ai
update code #6,pre_ai
changes #322,pre_ai
wip #468,pre_ai
stuff #220,pre_ai
fixed issue #75,pre_ai
updated file #4,pre_ai
minor fix #335,pre_ai
cleanup #134,pre_ai
bugfix #118,pre_ai
added feature #369,pre_ai
removed unused code #94,pre_ai
Merge branch 'main' #486,pre_ai
initial commit #435,pre_ai
v1.0 #62,pre_ai
fix bug #441,pre_ai
update code #194,pre_ai
changes #335,pre_ai
wip #203,pre_ai
stuff #392,pre_ai
fixed issue #26,pre_ai
updated file #435,pre_ai
minor fix #173,pre_ai
cleanup #300,pre_ai
bugfix #133,pre_ai
added feature #326,pre_ai
removed unused code #410,pre_ai
Merge branch 'main' #118,pre_ai
initial commit #324,pre_ai
v1.0 #275,pre_ai
fix bug #212,pre_ai
update code #225,pre_ai
changes #20,pre_ai
wip #113,pre_ai
stuff #140,pre_ai
fixed issue #47,pre_ai
updated file #1,pre_ai
minor fix #90,pre_ai
cleanup #142,pre_ai
bugfix #320,pre_ai
added feature #38,pre_ai
removed unused code #293,pre_ai
Merge branch 'main' #382,pre_ai
initial commit #139,pre_ai
v1.0 #356,pre_ai
fix bug #333,pre_ai
update code #491,pre_ai
changes #259,pre_ai
wip #161,pre_ai
stuff #390,pre_ai
fixed issue #178,pre_ai
updated file #10,pre_ai
minor fix #261,pre_ai
cleanup #407,pre_ai
bugfix #138,pre_ai
added feature #172,pre_ai
removed unused code #386,pre_ai
Merge branch 'main' #13,pre_ai
initial commit #168,pre_ai
v1.0 #130,pre_ai
fix bug #84,pre_ai
update code #321,pre_ai
changes #319,pre_ai
wip #101,pre_ai
stuff #329,pre_ai
fixed issue #273,pre_ai
updated file #265,pre_ai
minor fix #459,pre_ai
cleanup #399,pre_ai
bugfix #408,pre_ai
added feature #38,pre_ai
removed unused code #419,pre_ai
Merge branch 'main' #94,pre_ai
initial commit #95,pre_ai
v1.0 #305,pre_ai
fix bug #69,pre_ai
update code #318,pre_ai
changes #444,pre_ai
wip #236,pre_ai
stuff #434,pre_ai
fixed issue #334,pre_ai
updated file #373,pre_ai
minor fix #376,pre_ai
cleanup #459,pre_ai
bugfix #137,pre_ai
added feature #418,pre_ai
removed unused code #76,pre_ai
Merge branch 'main' #483,pre_ai
initial commit #35,pre_ai
v1.0 #1,pre_ai
fix bug #296,pre_ai
update code #320,pre_ai
changes #406,pre_ai
wip #60,pre_ai
stuff #320,pre_ai
fixed issue #349,pre_ai
updated file #328,pre_ai
minor fix #267,pre_ai
cleanup #361,pre_ai
bugfix #229,pre_ai
added feature #270,pre_ai
removed unused code #316,pre_ai
Merge branch 'main' #286,pre_ai
initial commit #291,pre_ai
v1.0 #213,pre_ai
fix bug #165,pre_ai
update code #5,pre_ai
changes #339,pre_ai
wip #379,pre_ai
stuff #78,pre_ai
fixed issue #410,pre_ai
updated file #62,pre_ai
minor fix #132,pre_ai
cleanup #89,pre_ai
bugfix #237,pre_ai
added feature #42,pre_ai
removed unused code #89,pre_ai
Merge branch 'main' #402,pre_ai
initial commit #296,pre_ai
v1.0 #328,pre_ai
fix bug #295,pre_ai
update code #104,pre_ai
changes #14,pre_ai
wip #288,pre_ai
stuff #179,pre_ai
fixed issue #125,pre_ai
updated file #422,pre_ai
minor fix #353,pre_ai
cleanup #23,pre_ai
bugfix #63,pre_ai
added feature #143,pre_ai
removed unused code #481,pre_ai
Merge branch 'main' #153,pre_ai
initial commit #145,pre_ai
v1.0 #225,pre_ai
fix bug #495,pre_ai
update code #450,pre_ai
changes #462,pre_ai
wip #309,pre_ai
stuff #104,pre_ai
fixed issue #104,pre_ai
updated file #435,pre_ai
minor fix #39,pre_ai
cleanup #435,pre_ai
bugfix #198,pre_ai
added feature #134,pre_ai
removed unused code #67,pre_ai
Merge branch 'main' #391,pre_ai
initial commit #179,pre_ai
v1.0 #456,pre_ai
fix bug #42,pre_ai
update code #448,pre_ai
changes #15,pre_ai
wip #111,pre_ai
stuff #157,pre_ai
fixed issue #289,pre_ai
updated file #478,pre_ai
minor fix #231,pre_ai
cleanup #411,pre_ai
bugfix #420,pre_ai
added feature #157,pre_ai
removed unused code #38,pre_ai
Merge branch 'main' #441,pre_ai
initial commit #97,pre_ai
v1.0 #485,pre_ai
fix bug #411,pre_ai
update code #439,pre_ai
changes #289,pre_ai
wip #254,pre_ai
stuff #196,pre_ai
fixed issue #86,pre_ai
updated file #322,pre_ai
minor fix #10,pre_ai
cleanup #5,pre_ai
bugfix #123,pre_ai
added feature #330,pre_ai
removed unused code #353,pre_ai
Merge branch 'main' #118,pre_ai
initial commit #294,pre_ai
v1.0 #397,pre_ai
fix bug #159,pre_ai
update code #303,pre_ai
changes #228,pre_ai
wip #365,pre_ai
stuff #216,pre_ai
fixed issue #436,pre_ai
updated file #184,pre_ai
minor fix #15,pre_ai
cleanup #157,pre_ai
bugfix #136,pre_ai
added feature #261,pre_ai
removed unused code #157,pre_ai
Merge branch 'main' #47,pre_ai
initial commit #324,pre_ai
v1.0 #332,pre_ai
fix bug #173,pre_ai
update code #130,pre_ai
changes #411,pre_ai
wip #95,pre_ai
stuff #115,pre_ai
fixed issue #243,pre_ai
updated file #420,pre_ai
minor fix #292,pre_ai
cleanup #282,pre_ai
bugfix #299,pre_ai
added feature #283,pre_ai
removed unused code #69,pre_ai
Merge branch 'main' #148,pre_ai
initial commit #11,pre_ai
v1.0 #254,pre_ai
fix bug #330,pre_ai
update code #360,pre_ai
changes #38,pre_ai
wip #134,pre_ai
stuff #200,pre_ai
fixed issue #23,pre_ai
updated file #303,pre_ai
minor fix #346,pre_ai
cleanup #302,pre_ai
bugfix #363,pre_ai
added feature #396,pre_ai
removed unused code #218,pre_ai
Merge branch 'main' #141,pre_ai
initial commit #104,pre_ai
v1.0 #446,pre_ai
fix bug #210,pre_ai
update code #473,pre_ai
changes #481,pre_ai
wip #111,pre_ai
stuff #104,pre_ai
fixed issue #316,pre_ai
updated file #171,pre_ai
minor fix #460,pre_ai
cleanup #492,pre_ai
bugfix #356,pre_ai
added feature #496,pre_ai
removed unused code #324,pre_ai
Merge branch 'main' #133,pre_ai
initial commit #376,pre_ai
v1.0 #293,pre_ai
fix bug #328,pre_ai
update code #127,pre_ai
changes #106,pre_ai
wip #497,pre_ai
stuff #92,pre_ai
fixed issue #287,pre_ai
updated file #378,pre_ai
minor fix #393,pre_ai
cleanup #51,pre_ai
bugfix #29,pre_ai
added feature #462,pre_ai
removed unused code #296,pre_ai
Merge branch 'main' #297,pre_ai
initial commit #214,pre_ai
v1.0 #267,pre_ai
fix bug #407,pre_ai
update code #257,pre_ai
changes #302,pre_ai
wip #101,pre_ai
stuff #405,pre_ai
fixed issue #346,pre_ai
updated file #110,pre_ai
minor fix #420,pre_ai
cleanup #182,pre_ai
bugfix #471,pre_ai
added feature #313,pre_ai
removed unused code #1,pre_ai
Merge branch 'main' #319,pre_ai
initial commit #438,pre_ai
v1.0 #55,pre_ai
fix bug #371,pre_ai
update code #424,pre_ai
changes #399,pre_ai
wip #149,pre_ai
stuff #431,pre_ai
fixed issue #457,pre_ai
updated file #309,pre_ai
minor fix #137,pre_ai
cleanup #202,pre_ai
bugfix #436,pre_ai
added feature #313,pre_ai
removed unused code #117,pre_ai
Merge branch 'main' #154,pre_ai
initial commit #425,pre_ai
v1.0 #291,pre_ai
fix bug #63,pre_ai
update code #244,pre_ai
changes #25,pre_ai
wip #90,pre_ai
stuff #75,pre_ai
fixed issue #294,pre_ai
updated file #386,pre_ai
minor fix #391,pre_ai
cleanup #210,pre_ai
bugfix #475,pre_ai
added feature #418,pre_ai
removed unused code #347,pre_ai
Merge branch 'main' #17,pre_ai
initial commit #128,pre_ai
v1.0 #427,pre_ai
fix bug #443,pre_ai
update code #364,pre_ai
changes #251,pre_ai
wip #179,pre_ai
stuff #182,pre_ai
fixed issue #152,pre_ai
updated file #25,pre_ai
minor fix #455,pre_ai
cleanup #180,pre_ai
bugfix #198,pre_ai
added feature #344,pre_ai
removed unused code #161,pre_ai
Merge branch 'main' #177,pre_ai
initial commit #285,pre_ai
v1.0 #63,pre_ai
fix bug #491,pre_ai
update code #150,pre_ai
changes #154,pre_ai
wip #156,pre_ai
stuff #370,pre_ai
fixed issue #469,pre_ai
updated file #49,pre_ai
minor fix #455,pre_ai
cleanup #337,pre_ai
bugfix #84,pre_ai
added feature #361,pre_ai
removed unused code #177,pre_ai
Merge branch 'main' #148,pre_ai
initial commit #118,pre_ai
v1.0 #342,pre_ai
fix bug #476,pre_ai
update code #63,pre_ai
changes #189,pre_ai
wip #360,pre_ai
stuff #49,pre_ai
fixed issue #327,pre_ai
updated file #257,pre_ai
minor fix #224,pre_ai
cleanup #141,pre_ai
bugfix #478,pre_ai
added feature #215,pre_ai
removed unused code #435,pre_ai
Merge branch 'main' #379,pre_ai
initial commit #440,pre_ai
v1.0 #211,pre_ai
fix bug #318,pre_ai
update code #32,pre_ai
changes #158,pre_ai
wip #285,pre_ai
stuff #305,pre_ai
fixed issue #429,pre_ai
updated file #477,pre_ai
minor fix #286,pre_ai
cleanup #144,pre_ai
bugfix #424,pre_ai
added feature #19,pre_ai
removed unused code #18,pre_ai
Merge branch 'main' #257,pre_ai
initial commit #78,pre_ai
v1.0 #371,pre_ai
fix bug #175,pre_ai
update code #498,pre_ai
changes #194,pre_ai
wip #476,pre_ai
stuff #113,pre_ai
fixed issue #114,pre_ai
updated file #222,pre_ai
minor fix #166,pre_ai
cleanup #435,pre_ai
bugfix #319,pre_ai
added feature #132,pre_ai
removed unused code #385,pre_ai
Merge branch 'main' #264,pre_ai
initial commit #413,pre_ai
v1.0 #55,pre_ai
fix bug #359,pre_ai
update code #131,pre_ai
changes #288,pre_ai
wip #266,pre_ai
stuff #458,pre_ai
fixed issue #467,pre_ai
updated file #366,pre_ai
minor fix #162,pre_ai
cleanup #380,pre_ai
bugfix #481,pre_ai
added feature #87,pre_ai
removed unused code #55,pre_ai
Merge branch 'main' #476,pre_ai
initial commit #288,pre_ai
v1.0 #178,pre_ai
fix bug #391,pre_ai
update code #349,pre_ai
changes #8,pre_ai
wip #321,pre_ai
stuff #313,pre_ai
fixed issue #247,pre_ai
updated file #323,pre_ai
minor fix #472,pre_ai
cleanup #471,pre_ai
bugfix #443,pre_ai
added feature #255,pre_ai
removed unused code #328,pre_ai
Merge branch 'main' #54,pre_ai
initial commit #249,pre_ai
v1.0 #239,pre_ai
fix bug #229,pre_ai
update code #67,pre_ai
changes #51,pre_ai
wip #97,pre_ai
stuff #92,pre_ai
fixed issue #495,pre_ai
updated file #264,pre_ai
minor fix #418,pre_ai
cleanup #291,pre_ai
bugfix #96,pre_ai
added feature #88,pre_ai
removed unused code #78,pre_ai
Merge branch 'main' #288,pre_ai
initial commit #120,pre_ai
v1.0 #302,pre_ai
fix bug #491,pre_ai
update code #400,pre_ai
changes #452,pre_ai
wip #165,pre_ai
stuff #182,pre_ai
fixed issue #469,pre_ai
updated file #398,pre_ai
minor fix #223,pre_ai
cleanup #311,pre_ai
bugfix #432,pre_ai
added feature #466,pre_ai
removed unused code #7,pre_ai
Merge branch 'main' #330,pre_ai
initial commit #263,pre_ai
v1.0 #161,pre_ai
fix bug #151,pre_ai
update code #85,pre_ai
changes #147,pre_ai
wip #112,pre_ai
stuff #381,pre_ai
fixed issue #403,pre_ai
updated file #36,pre_ai
minor fix #285,pre_ai
cleanup #188,pre_ai
bugfix #82,pre_ai
added feature #2,pre_ai
removed unused code #385,pre_ai
Merge branch 'main' #303,pre_ai
initial commit #197,pre_ai
v1.0 #404,pre_ai
fix bug #11,pre_ai
update code #234,pre_ai
changes #386,pre_ai
wip #195,pre_ai
stuff #471,pre_ai
fixed issue #119,pre_ai
updated file #396,pre_ai
minor fix #20,pre_ai
cleanup #261,pre_ai
bugfix #293,pre_ai
added feature #422,pre_ai
removed unused code #256,pre_ai
Merge branch 'main' #222,pre_ai
initial commit #393,pre_ai
v1.0 #226,pre_ai
fix bug #53,pre_ai
update code #428,pre_ai
changes #355,pre_ai
wip #342,pre_ai
stuff #364,pre_ai
fixed issue #280,pre_ai
updated file #81,pre_ai
minor fix #202,pre_ai
cleanup #158,pre_ai
bugfix #120,pre_ai
added feature #59,pre_ai
removed unused code #494,pre_ai
Merge branch 'main' #215,pre_ai
initial commit #128,pre_ai
v1.0 #224,pre_ai
fix bug #209,pre_ai
update code #370,pre_ai
changes #115,pre_ai
wip #209,pre_ai
stuff #14,pre_ai
fixed issue #9,pre_ai
updated file #40,pre_ai
minor fix #450,pre_ai
cleanup #237,pre_ai
bugfix #281,pre_ai
added feature #359,pre_ai
removed unused code #201,pre_ai
Merge branch 'main' #246,pre_ai
initial commit #278,pre_ai
v1.0 #235,pre_ai
fix bug #494,pre_ai
update code #4,pre_ai
changes #154,pre_ai
wip #442,pre_ai
stuff #29,pre_ai
fixed issue #109,pre_ai
updated file #98,pre_ai
minor fix #215,pre_ai
cleanup #293,pre_ai
bugfix #75,pre_ai
added feature #326,pre_ai
removed unused code #146,pre_ai
Merge branch 'main' #128,pre_ai
initial commit #341,pre_ai
v1.0 #42,pre_ai
fix bug #356,pre_ai
update code #41,pre_ai
changes #422,pre_ai
wip #34,pre_ai
stuff #17,pre_ai
fixed issue #165,pre_ai
updated file #153,pre_ai
minor fix #486,pre_ai
cleanup #378,pre_ai
bugfix #76,pre_ai
added feature #87,pre_ai
removed unused code #117,pre_ai
Merge branch 'main' #362,pre_ai
initial commit #342,pre_ai
v1.0 #469,pre_ai
fix bug #27,pre_ai
update code #313,pre_ai
changes #287,pre_ai
wip #134,pre_ai
stuff #219,pre_ai
fixed issue #168,pre_ai
updated file #98,pre_ai
minor fix #268,pre_ai
cleanup #237,pre_ai
bugfix #309,pre_ai
added feature #455,pre_ai
removed unused code #394,pre_ai
Merge branch 'main' #173,pre_ai
initial commit #401,pre_ai
v1.0 #410,pre_ai
fix bug #469,pre_ai
update code #476,pre_ai
changes #190,pre_ai
wip #122,pre_ai
stuff #46,pre_ai
fixed issue #64,pre_ai
updated file #130,pre_ai
minor fix #310,pre_ai
cleanup #363,pre_ai
bugfix #193,pre_ai
added feature #307,pre_ai
removed unused code #181,pre_ai
Merge branch 'main' #292,pre_ai
initial commit #371,pre_ai
v1.0 #282,pre_ai
fix bug #29,pre_ai
update code #149,pre_ai
changes #267,pre_ai
wip #296,pre_ai
stuff #11,pre_ai
fixed issue #164,pre_ai
updated file #113,pre_ai
minor fix #187,pre_ai
cleanup #295,pre_ai
bugfix #232,pre_ai
added feature #227,pre_ai
removed unused code #310,pre_ai
Merge branch 'main' #98,pre_ai
initial commit #55,pre_ai
v1.0 #111,pre_ai
fix bug #152,pre_ai
update code #246,pre_ai
changes #406,pre_ai
wip #69,pre_ai
stuff #312,pre_ai
fixed issue #289,pre_ai
updated file #250,pre_ai
minor fix #36,pre_ai
cleanup #239,pre_ai
bugfix #148,pre_ai
added feature #467,pre_ai
removed unused code #227,pre_ai
Merge branch 'main' #244,pre_ai
initial commit #491,pre_ai
v1.0 #337,pre_ai
fix bug #446,pre_ai
update code #365,pre_ai
changes #491,pre_ai
wip #482,pre_ai
stuff #201,pre_ai
fixed issue #154,pre_ai
updated file #450,pre_ai
minor fix #73,pre_ai
cleanup #201,pre_ai
bugfix #296,pre_ai
added feature #17,pre_ai
removed unused code #129,pre_ai
Merge branch 'main' #217,pre_ai
initial commit #61,pre_ai
v1.0 #427,pre_ai
fix bug #104,pre_ai
update code #42,pre_ai
changes #25,pre_ai
wip #39,pre_ai
stuff #291,pre_ai
fixed issue #131,pre_ai
updated file #498,pre_ai
minor fix #229,pre_ai
cleanup #108,pre_ai
bugfix #172,pre_ai
added feature #435,pre_ai
removed unused code #478,pre_ai
Merge branch 'main' #102,pre_ai
initial commit #354,pre_ai
v1.0 #12,pre_ai
fix bug #275,pre_ai
update code #101,pre_ai
changes #44,pre_ai
wip #443,pre_ai
stuff #305,pre_ai
fixed issue #445,pre_ai
updated file #17,pre_ai
minor fix #330,pre_ai
cleanup #57,pre_ai
bugfix #311,pre_ai
added feature #497,pre_ai
removed unused code #303,pre_ai
Merge branch 'main' #12,pre_ai
initial commit #318,pre_ai
v1.0 #80,pre_ai
fix bug #216,pre_ai
update code #339,pre_ai
changes #264,pre_ai
wip #479,pre_ai
stuff #149,pre_ai
fixed issue #81,pre_ai
updated file #215,pre_ai
minor fix #485,pre_ai
cleanup #374,pre_ai
bugfix #464,pre_ai
added feature #198,pre_ai
removed unused code #200,pre_ai
Merge branch 'main' #25,pre_ai
initial commit #466,pre_ai
v1.0 #89,pre_ai
fix bug #268,pre_ai
update code #143,pre_ai
changes #59,pre_ai
wip #410,pre_ai
stuff #489,pre_ai
fixed issue #365,pre_ai
updated file #26,pre_ai
minor fix #47,pre_ai
cleanup #288,pre_ai
bugfix #266,pre_ai
added feature #16,pre_ai
removed unused code #199,pre_ai
Merge branch 'main' #401,pre_ai
initial commit #407,pre_ai
v1.0 #282,pre_ai
fix bug #469,pre_ai
update code #86,pre_ai
changes #250,pre_ai
wip #391,pre_ai
stuff #270,pre_ai
fixed issue #335,pre_ai
updated file #117,pre_ai
minor fix #7,pre_ai
cleanup #137,pre_ai
bugfix #371,pre_ai
added feature #176,pre_ai
removed unused code #328,pre_ai
Merge branch 'main' #498,pre_ai
initial commit #315,pre_ai
v1.0 #215,pre_ai
fix bug #477,pre_ai
update code #82,pre_ai
changes #223,pre_ai
wip #478,pre_ai
stuff #372,pre_ai
fixed issue #423,pre_ai
updated file #483,pre_ai
minor fix #402,pre_ai
cleanup #443,pre_ai
bugfix #490,pre_ai
added feature #103,pre_ai
removed unused code #273,pre_ai
Merge branch 'main' #14,pre_ai
initial commit #159,pre_ai
v1.0 #152,pre_ai
fix bug #483,pre_ai
update code #108,pre_ai
changes #188,pre_ai
wip #301,pre_ai
stuff #98,pre_ai
fixed issue #131,pre_ai
updated file #293,pre_ai
minor fix #171,pre_ai
cleanup #424,pre_ai
bugfix #474,pre_ai
added feature #183,pre_ai
removed unused code #471,pre_ai
Merge branch 'main' #364,pre_ai
initial commit #39,pre_ai
v1.0 #15,pre_ai
fix bug #376,pre_ai
update code #497,pre_ai
changes #4,pre_ai
wip #349,pre_ai
stuff #470,pre_ai
fixed issue #409,pre_ai
updated file #397,pre_ai
minor fix #210,pre_ai
cleanup #161,pre_ai
bugfix #16,pre_ai
added feature #493,pre_ai
removed unused code #426,pre_ai
Merge branch 'main' #108,pre_ai
initial commit #382,pre_ai
v1.0 #450,pre_ai
fix bug #311,pre_ai
update code #227,pre_ai
changes #170,pre_ai
wip #34,pre_ai
stuff #414,pre_ai
fixed issue #251,pre_ai
updated file #247,pre_ai
minor fix #269,pre_ai
cleanup #141,pre_ai
bugfix #274,pre_ai
added feature #416,pre_ai
removed unused code #96,pre_ai
Merge branch 'main' #227,pre_ai
initial commit #379,pre_ai
v1.0 #39,pre_ai
fix bug #302,pre_ai
update code #29,pre_ai
changes #446,pre_ai
wip #497,pre_ai
stuff #477,pre_ai
fixed issue #318,pre_ai
updated file #245,pre_ai
minor fix #236,pre_ai
cleanup #185,pre_ai
bugfix #272,pre_ai
added feature #440,pre_ai
removed unused code #236,pre_ai
Merge branch 'main' #239,pre_ai
initial commit #377,pre_ai
v1.0 #266,pre_ai
fix bug #414,pre_ai
update code #409,pre_ai
changes #359,pre_ai
wip #340,pre_ai
stuff #389,pre_ai
fixed issue #65,pre_ai
updated file #478,pre_ai
minor fix #177,pre_ai
cleanup #3,pre_ai
bugfix #429,pre_ai
added feature #142,pre_ai
removed unused code #376,pre_ai
Merge branch 'main' #158,pre_ai
initial commit #498,pre_ai
v1.0 #324,pre_ai
fix bug #146,pre_ai
update code #446,pre_ai
changes #293,pre_ai
wip #153,pre_ai
stuff #432,pre_ai
fixed issue #193,pre_ai
updated file #437,pre_ai
minor fix #494,pre_ai
cleanup #463,pre_ai
bugfix #73,pre_ai
added feature #399,pre_ai
removed unused code #305,pre_ai
Merge branch 'main' #377,pre_ai
initial commit #344,pre_ai
v1.0 #452,pre_ai
fix bug #140,pre_ai
update code #187,pre_ai
changes #293,pre_ai
wip #61,pre_ai
stuff #485,pre_ai
fixed issue #427,pre_ai
updated file #380,pre_ai
minor fix #198,pre_ai
cleanup #295,pre_ai
bugfix #440,pre_ai
added feature #319,pre_ai
removed unused code #302,pre_ai
Merge branch 'main' #344,pre_ai
initial commit #11,pre_ai
v1.0 #62,pre_ai
fix bug #333,pre_ai
update code #226,pre_ai
changes #153,pre_ai
wip #199,pre_ai
stuff #52,pre_ai
fixed issue #260,pre_ai
updated file #59,pre_ai
minor fix #72,pre_ai
cleanup #148,pre_ai
bugfix #349,pre_ai
added feature #63,pre_ai
removed unused code #310,pre_ai
Merge branch 'main' #373,pre_ai
initial commit #243,pre_ai
v1.0 #493,pre_ai
fix bug #366,pre_ai
update code #330,pre_ai
changes #107,pre_ai
wip #226,pre_ai
stuff #313,pre_ai
fixed issue #218,pre_ai
updated file #425,pre_ai
minor fix #241,pre_ai
cleanup #259,pre_ai
bugfix #376,pre_ai
added feature #262,pre_ai
removed unused code #5,pre_ai
Merge branch 'main' #261,pre_ai
initial commit #54,pre_ai
v1.0 #47,pre_ai
fix bug #215,pre_ai
update code #177,pre_ai
changes #9,pre_ai
wip #99,pre_ai
stuff #20,pre_ai
fixed issue #378,pre_ai
updated file #241,pre_ai
minor fix #61,pre_ai
cleanup #379,pre_ai
bugfix #490,pre_ai
added feature #419,pre_ai
removed unused code #178,pre_ai
Merge branch 'main' #338,pre_ai
initial commit #62,pre_ai
v1.0 #145,pre_ai
fix bug #216,pre_ai
update code #3,pre_ai
changes #160,pre_ai
wip #227,pre_ai
stuff #486,pre_ai
fixed issue #269,pre_ai
updated file #120,pre_ai
minor fix #381,pre_ai
cleanup #495,pre_ai
bugfix #89,pre_ai
added feature #329,pre_ai
removed unused code #68,pre_ai
Merge branch 'main' #398,pre_ai
initial commit #357,pre_ai
v1.0 #98,pre_ai
fix bug #267,pre_ai
update code #105,pre_ai
changes #440,pre_ai
wip #323,pre_ai
stuff #123,pre_ai
fixed issue #476,pre_ai
updated file #29,pre_ai
minor fix #137,pre_ai
cleanup #195,pre_ai
bugfix #409,pre_ai
added feature #226,pre_ai
removed unused code #332,pre_ai
Merge branch 'main' #170,pre_ai
initial commit #9,pre_ai
v1.0 #463,pre_ai
fix bug #40,pre_ai
update code #25,pre_ai
changes #261,pre_ai
wip #395,pre_ai
stuff #443,pre_ai
fixed issue #226,pre_ai
updated file #472,pre_ai
minor fix #124,pre_ai
cleanup #463,pre_ai
bugfix #38,pre_ai
added feature #328,pre_ai
removed unused code #251,pre_ai
Merge branch 'main' #389,pre_ai
initial commit #176,pre_ai
v1.0 #90,pre_ai
fix bug #402,pre_ai
update code #454,pre_ai
changes #37,pre_ai
wip #316,pre_ai
stuff #176,pre_ai
fixed issue #461,pre_ai
updated file #284,pre_ai
minor fix #453,pre_ai
cleanup #461,pre_ai
bugfix #81,pre_ai
added feature #114,pre_ai
removed unused code #40,pre_ai
Merge branch 'main' #301,pre_ai
initial commit #224,pre_ai
v1.0 #318,pre_ai
fix bug #349,pre_ai
update code #115,pre_ai
changes #186,pre_ai
wip #323,pre_ai
stuff #56,pre_ai
fixed issue #40,pre_ai
updated file #354,pre_ai
minor fix #40,pre_ai
cleanup #347,pre_ai
bugfix #461,pre_ai
added feature #237,pre_ai
removed unused code #289,pre_ai
Merge branch 'main' #262,pre_ai
initial commit #216,pre_ai
v1.0 #147,pre_ai
fix bug #336,pre_ai
update code #168,pre_ai
changes #92,pre_ai
wip #353,pre_ai
stuff #59,pre_ai
fixed issue #59,pre_ai
updated file #304,pre_ai
minor fix #169,pre_ai
cleanup #269,pre_ai
bugfix #363,pre_ai
added feature #45,pre_ai
removed unused code #345,pre_ai
Merge branch 'main' #181,pre_ai
initial commit #170,pre_ai
v1.0 #356,pre_ai
fix bug #191,pre_ai
update code #155,pre_ai
changes #422,pre_ai
wip #188,pre_ai
stuff #7,pre_ai
fixed issue #133,pre_ai
updated file #235,pre_ai
minor fix #45,pre_ai
cleanup #314,pre_ai
bugfix #249,pre_ai
added feature #499,pre_ai
removed unused code #31,pre_ai
Merge branch 'main' #23,pre_ai
initial commit #426,pre_ai
v1.0 #394,pre_ai
fix bug #160,pre_ai
update code #363,pre_ai
changes #437,pre_ai
wip #158,pre_ai
stuff #39,pre_ai
fixed issue #415,pre_ai
updated file #82,pre_ai
minor fix #356,pre_ai
cleanup #258,pre_ai
bugfix #206,pre_ai
added feature #77,pre_ai
removed unused code #477,pre_ai
Merge branch 'main' #12,pre_ai
initial commit #295,pre_ai
v1.0 #450,pre_ai
fix bug #224,pre_ai
update code #13,pre_ai
changes #46,pre_ai
wip #155,pre_ai
stuff #113,pre_ai
fixed issue #233,pre_ai
updated file #17,pre_ai
minor fix #360,pre_ai
cleanup #223,pre_ai
bugfix #354,pre_ai
added feature #188,pre_ai
removed unused code #448,pre_ai
Merge branch 'main' #344,pre_ai
initial commit #365,pre_ai
v1.0 #163,pre_ai
fix bug #496,pre_ai
update code #326,pre_ai
changes #467,pre_ai
wip #414,pre_ai
stuff #455,pre_ai
fixed issue #74,pre_ai
updated file #233,pre_ai
minor fix #224,pre_ai
cleanup #482,pre_ai
bugfix #319,pre_ai
added feature #412,pre_ai
removed unused code #60,pre_ai
Merge branch 'main' #335,pre_ai
initial commit #222,pre_ai
v1.0 #37,pre_ai
fix bug #477,pre_ai
update code #278,pre_ai
changes #196,pre_ai
wip #404,pre_ai
stuff #352,pre_ai
fixed issue #484,pre_ai
updated file #242,pre_ai
minor fix #324,pre_ai
cleanup #219,pre_ai
bugfix #192,pre_ai
added feature #17,pre_ai
removed unused code #12,pre_ai
Merge branch 'main' #406,pre_ai
initial commit #401,pre_ai
v1.0 #394,pre_ai
fix bug #374,pre_ai
update code #193,pre_ai
changes #22,pre_ai
wip #474,pre_ai
stuff #120,pre_ai
fixed issue #210,pre_ai
updated file #306,pre_ai
minor fix #270,pre_ai
cleanup #192,pre_ai
bugfix #175,pre_ai
added feature #285,pre_ai
removed unused code #204,pre_ai
Merge branch 'main' #164,pre_ai
initial commit #251,pre_ai
v1.0 #227,pre_ai
fix bug #436,pre_ai
update code #381,pre_ai
changes #460,pre_ai
wip #7,pre_ai
stuff #29,pre_ai
fixed issue #395,pre_ai
updated file #33,pre_ai
minor fix #134,pre_ai
cleanup #367,pre_ai
bugfix #79,pre_ai
added feature #416,pre_ai
removed unused code #435,pre_ai
Merge branch 'main' #459,pre_ai
initial commit #58,pre_ai
v1.0 #471,pre_ai
fix bug #26,pre_ai
update code #482,pre_ai
changes #430,pre_ai
wip #226,pre_ai
stuff #285,pre_ai
fixed issue #4,pre_ai
updated file #465,pre_ai
minor fix #99,pre_ai
cleanup #397,pre_ai
bugfix #489,pre_ai
added feature #39,pre_ai
removed unused code #271,pre_ai
Merge branch 'main' #375,pre_ai
initial commit #285,pre_ai
v1.0 #157,pre_ai
fix bug #75,pre_ai
update code #372,pre_ai
changes #288,pre_ai
wip #130,pre_ai
stuff #175,pre_ai
fixed issue #462,pre_ai
updated file #84,pre_ai
minor fix #22,pre_ai
cleanup #459,pre_ai
bugfix #27,pre_ai
added feature #195,pre_ai
removed unused code #337,pre_ai
Merge branch 'main' #382,pre_ai
initial commit #236,pre_ai
v1.0 #440,pre_ai
fix bug #92,pre_ai
update code #477,pre_ai
changes #21,pre_ai
wip #303,pre_ai
stuff #464,pre_ai
fixed issue #357,pre_ai
updated file #443,pre_ai
minor fix #84,pre_ai
cleanup #262,pre_ai
bugfix #147,pre_ai
added feature #441,pre_ai
removed unused code #453,pre_ai
Merge branch 'main' #387,pre_ai
initial commit #257,pre_ai
v1.0 #58,pre_ai
fix bug #380,pre_ai
update code #422,pre_ai
changes #15,pre_ai
wip #162,pre_ai
stuff #445,pre_ai
fixed issue #163,pre_ai
updated file #320,pre_ai
minor fix #497,pre_ai
cleanup #281,pre_ai
bugfix #280,pre_ai
added feature #12,pre_ai
removed unused code #274,pre_ai
Merge branch 'main' #271,pre_ai
initial commit #492,pre_ai
v1.0 #208,pre_ai
fix bug #27,pre_ai
update code #72,pre_ai
changes #60,pre_ai
wip #430,pre_ai
stuff #473,pre_ai
fixed issue #145,pre_ai
updated file #93,pre_ai
minor fix #309,pre_ai
cleanup #8,pre_ai
bugfix #79,pre_ai
added feature #27,pre_ai
removed unused code #174,pre_ai
Merge branch 'main' #50,pre_ai
initial commit #199,pre_ai
v1.0 #387,pre_ai
fix bug #349,pre_ai
update code #448,pre_ai
changes #428,pre_ai
wip #181,pre_ai
stuff #24,pre_ai
fixed issue #316,pre_ai
updated file #378,pre_ai
minor fix #387,pre_ai
cleanup #404,pre_ai
bugfix #46,pre_ai
added feature #15,pre_ai
removed unused code #153,pre_ai
Merge branch 'main' #222,pre_ai
initial commit #206,pre_ai
v1.0 #455,pre_ai
fix bug #273,pre_ai
update code #382,pre_ai
changes #236,pre_ai
wip #340,pre_ai
stuff #228,pre_ai
fixed issue #9,pre_ai
updated file #166,pre_ai
minor fix #432,pre_ai
cleanup #444,pre_ai
bugfix #319,pre_ai
added feature #214,pre_ai
removed unused code #117,pre_ai
Merge branch 'main' #386,pre_ai
initial commit #344,pre_ai
v1.0 #72,pre_ai
fix bug #395,pre_ai
update code #64,pre_ai
changes #205,pre_ai
wip #209,pre_ai
stuff #72,pre_ai
fixed issue #277,pre_ai
updated file #274,pre_ai
minor fix #478,pre_ai
cleanup #320,pre_ai
bugfix #338,pre_ai
added feature #366,pre_ai
removed unused code #495,pre_ai
Merge branch 'main' #95,pre_ai
initial commit #166,pre_ai
v1.0 #32,pre_ai
fix bug #11,pre_ai
update code #301,pre_ai
changes #217,pre_ai
wip #289,pre_ai
stuff #102,pre_ai
fixed issue #425,pre_ai
updated file #392,pre_ai
minor fix #267,pre_ai
cleanup #214,pre_ai
bugfix #179,pre_ai
added feature #88,pre_ai
removed unused code #41,pre_ai
Merge branch 'main' #401,pre_ai
initial commit #76,pre_ai
v1.0 #377,pre_ai
fix bug #46,pre_ai
update code #160,pre_ai
changes #463,pre_ai
wip #80,pre_ai
stuff #310,pre_ai
fixed issue #86,pre_ai
updated file #92,pre_ai
minor fix #148,pre_ai
cleanup #161,pre_ai
bugfix #202,pre_ai
added feature #424,pre_ai
removed unused code #416,pre_ai
Merge branch 'main' #242,pre_ai
initial commit #353,pre_ai
v1.0 #2,pre_ai
fix bug #225,pre_ai
update code #289,pre_ai
changes #233,pre_ai
wip #461,pre_ai
stuff #414,pre_ai
fixed issue #417,pre_ai
updated file #77,pre_ai
minor fix #116,pre_ai
cleanup #154,pre_ai
bugfix #406,pre_ai
added feature #103,pre_ai
removed unused code #194,pre_ai
Merge branch 'main' #166,pre_ai
initial commit #359,pre_ai
v1.0 #90,pre_ai
fix bug #174,pre_ai
update code #122,pre_ai
changes #498,pre_ai
wip #143,pre_ai
stuff #482,pre_ai
fixed issue #106,pre_ai
updated file #375,pre_ai
minor fix #428,pre_ai
cleanup #305,pre_ai
bugfix #360,pre_ai
added feature #459,pre_ai
removed unused code #317,pre_ai
Merge branch 'main' #451,pre_ai
initial commit #123,pre_ai
v1.0 #390,pre_ai
fix bug #9,pre_ai
update code #262,pre_ai
changes #73,pre_ai
wip #359,pre_ai
stuff #223,pre_ai
fixed issue #416,pre_ai
updated file #41,pre_ai
minor fix #370,pre_ai
cleanup #204,pre_ai
bugfix #264,pre_ai
added feature #328,pre_ai
removed unused code #178,pre_ai
Merge branch 'main' #348,pre_ai
initial commit #318,pre_ai
v1.0 #84,pre_ai
fix bug #318,pre_ai
update code #111,pre_ai
changes #251,pre_ai
wip #383,pre_ai
stuff #7,pre_ai
fixed issue #459,pre_ai
updated file #84,pre_ai
minor fix #208,pre_ai
cleanup #388,pre_ai
bugfix #390,pre_ai
added feature #314,pre_ai
removed unused code #22,pre_ai
Merge branch 'main' #410,pre_ai
initial commit #383,pre_ai
v1.0 #3,pre_ai
fix bug #127,pre_ai
update code #297,pre_ai
changes #188,pre_ai
wip #362,pre_ai
stuff #14,pre_ai
fixed issue #459,pre_ai
updated file #466,pre_ai
minor fix #12,pre_ai
cleanup #87,pre_ai
bugfix #12,pre_ai
added feature #397,pre_ai
removed unused code #25,pre_ai
Merge branch 'main' #301,pre_ai
initial commit #243,pre_ai
v1.0 #122,pre_ai
fix bug #147,pre_ai
update code #55,pre_ai
changes #238,pre_ai
wip #356,pre_ai
stuff #173,pre_ai
fixed issue #392,pre_ai
updated file #221,pre_ai
minor fix #119,pre_ai
cleanup #309,pre_ai
bugfix #183,pre_ai
added feature #288,pre_ai
removed unused code #307,pre_ai
Merge branch 'main' #300,pre_ai
initial commit #82,pre_ai
v1.0 #454,pre_ai
fix bug #402,pre_ai
update code #211,pre_ai
changes #150,pre_ai
wip #37,pre_ai
stuff #352,pre_ai
fixed issue #312,pre_ai
updated file #361,pre_ai
minor fix #59,pre_ai
cleanup #131,pre_ai
bugfix #412,pre_ai
added feature #202,pre_ai
removed unused code #243,pre_ai
Merge branch 'main' #35,pre_ai
initial commit #445,pre_ai
v1.0 #93,pre_ai
fix bug #438,pre_ai
update code #447,pre_ai
changes #207,pre_ai
wip #353,pre_ai
stuff #391,pre_ai
fixed issue #332,pre_ai
updated file #305,pre_ai
minor fix #350,pre_ai
cleanup #213,pre_ai
bugfix #159,pre_ai
added feature #442,pre_ai
removed unused code #445,pre_ai
Merge branch 'main' #24,pre_ai
initial commit #404,pre_ai
v1.0 #293,pre_ai
fix bug #4,pre_ai
update code #220,pre_ai
changes #364,pre_ai
wip #382,pre_ai
stuff #20,pre_ai
fixed issue #444,pre_ai
updated file #152,pre_ai
minor fix #50,pre_ai
cleanup #177,pre_ai
bugfix #435,pre_ai
added feature #96,pre_ai
removed unused code #105,pre_ai
Merge branch 'main' #420,pre_ai
initial commit #250,pre_ai
v1.0 #117,pre_ai
fix bug #354,pre_ai
update code #228,pre_ai
changes #66,pre_ai
wip #335,pre_ai
stuff #418,pre_ai
fixed issue #420,pre_ai
updated file #262,pre_ai
minor fix #295,pre_ai
cleanup #426,pre_ai
bugfix #243,pre_ai
added feature #371,pre_ai
removed unused code #186,pre_ai
Merge branch 'main' #246,pre_ai
initial commit #125,pre_ai
v1.0 #268,pre_ai
fix bug #131,pre_ai
update code #237,pre_ai
changes #18,pre_ai
wip #40,pre_ai
stuff #21,pre_ai
fixed issue #399,pre_ai
updated file #225,pre_ai
minor fix #355,pre_ai
cleanup #282,pre_ai
bugfix #8,pre_ai
added feature #100,pre_ai
removed unused code #240,pre_ai
Merge branch 'main' #478,pre_ai
initial commit #87,pre_ai
v1.0 #298,pre_ai
fix bug #428,pre_ai
update code #14,pre_ai
changes #334,pre_ai
wip #2,pre_ai
stuff #375,pre_ai
fixed issue #293,pre_ai
updated file #325,pre_ai
minor fix #422,pre_ai
cleanup #493,pre_ai
bugfix #41,pre_ai
added feature #318,pre_ai
removed unused code #316,pre_ai
Merge branch 'main' #381,pre_ai
initial commit #111,pre_ai
v1.0 #14,pre_ai
fix bug #231,pre_ai
update code #473,pre_ai
changes #84,pre_ai
wip #130,pre_ai
stuff #231,pre_ai
fixed issue #326,pre_ai
updated file #145,pre_ai
minor fix #379,pre_ai
cleanup #345,pre_ai
bugfix #28,pre_ai
added feature #66,pre_ai
removed unused code #163,pre_ai
Merge branch 'main' #229,pre_ai
initial commit #261,pre_ai
v1.0 #449,pre_ai
fix bug #424,pre_ai
update code #460,pre_ai
changes #440,pre_ai
wip #164,pre_ai
stuff #301,pre_ai
fixed issue #407,pre_ai
updated file #303,pre_ai
minor fix #287,pre_ai
cleanup #395,pre_ai
bugfix #10,pre_ai
added feature #195,pre_ai
removed unused code #118,pre_ai
Merge branch 'main' #270,pre_ai
initial commit #80,pre_ai
v1.0 #458,pre_ai
fix bug #93,pre_ai
update code #266,pre_ai
changes #332,pre_ai
wip #350,pre_ai
stuff #361,pre_ai
fixed issue #257,pre_ai
updated file #133,pre_ai
minor fix #276,pre_ai
cleanup #264,pre_ai
bugfix #171,pre_ai
added feature #460,pre_ai
removed unused code #1,pre_ai
Merge branch 'main' #313,pre_ai
initial commit #64,pre_ai
v1.0 #374,pre_ai
fix bug #468,pre_ai
update code #284,pre_ai
changes #121,pre_ai
wip #107,pre_ai
stuff #421,pre_ai
fixed issue #175,pre_ai
updated file #485,pre_ai
minor fix #204,pre_ai
cleanup #165,pre_ai
bugfix #305,pre_ai
added feature #497,pre_ai
removed unused code #120,pre_ai
Merge branch 'main' #44,pre_ai
initial commit #312,pre_ai
v1.0 #156,pre_ai
fix bug #367,pre_ai
update code #207,pre_ai
changes #390,pre_ai
wip #108,pre_ai
stuff #251,pre_ai
fixed issue #445,pre_ai
updated file #404,pre_ai
minor fix #370,pre_ai
cleanup #334,pre_ai
bugfix #130,pre_ai
added feature #457,pre_ai
removed unused code #293,pre_ai
Merge branch 'main' #20,pre_ai
initial commit #282,pre_ai
v1.0 #285,pre_ai
fix bug #1,pre_ai
update code #119,pre_ai
changes #35,pre_ai
wip #198,pre_ai
stuff #485,pre_ai
fixed issue #245,pre_ai
updated file #59,pre_ai
minor fix #325,pre_ai
cleanup #161,pre_ai
bugfix #497,pre_ai
added feature #179,pre_ai
removed unused code #206,pre_ai
Merge branch 'main' #12,pre_ai
initial commit #490,pre_ai
v1.0 #276,pre_ai
fix bug #181,pre_ai
update code #242,pre_ai
changes #216,pre_ai
wip #251,pre_ai
stuff #299,pre_ai
fixed issue #126,pre_ai
updated file #482,pre_ai
minor fix #217,pre_ai
cleanup #306,pre_ai
bugfix #285,pre_ai
added feature #185,pre_ai
removed unused code #39,pre_ai
Merge branch 'main' #223,pre_ai
initial commit #184,pre_ai
v1.0 #495,pre_ai
fix bug #427,pre_ai
update code #178,pre_ai
changes #407,pre_ai
wip #428,pre_ai
stuff #294,pre_ai
fixed issue #340,pre_ai
updated file #151,pre_ai
minor fix #384,pre_ai
cleanup #126,pre_ai
bugfix #301,pre_ai
added feature #308,pre_ai
removed unused code #336,pre_ai
Merge branch 'main' #434,pre_ai
initial commit #234,pre_ai
v1.0 #380,pre_ai
fix bug #375,pre_ai
update code #8,pre_ai
changes #498,pre_ai
wip #341,pre_ai
stuff #129,pre_ai
fixed issue #264,pre_ai
updated file #157,pre_ai
minor fix #352,pre_ai
cleanup #358,pre_ai
bugfix #5,pre_ai
added feature #495,pre_ai
removed unused code #86,pre_ai
Merge branch 'main' #175,pre_ai
initial commit #290,pre_ai
v1.0 #193,pre_ai
fix bug #311,pre_ai
update code #119,pre_ai
changes #218,pre_ai
wip #427,pre_ai
stuff #458,pre_ai
fixed issue #414,pre_ai
updated file #114,pre_ai
minor fix #466,pre_ai
cleanup #145,pre_ai
bugfix #26,pre_ai
added feature #136,pre_ai
removed unused code #303,pre_ai
Merge branch 'main' #232,pre_ai
initial commit #369,pre_ai
v1.0 #76,pre_ai
fix bug #475,pre_ai
update code #328,pre_ai
changes #345,pre_ai
wip #302,pre_ai
stuff #452,pre_ai
fixed issue #289,pre_ai
updated file #1,pre_ai
minor fix #147,pre_ai
cleanup #287,pre_ai
bugfix #464,pre_ai
added feature #142,pre_ai
removed unused code #53,pre_ai
Merge branch 'main' #304,pre_ai
initial commit #69,pre_ai
v1.0 #361,pre_ai
fix bug #90,pre_ai
update code #446,pre_ai
changes #220,pre_ai
wip #450,pre_ai
stuff #498,pre_ai
fixed issue #192,pre_ai
updated file #454,pre_ai
minor fix #63,pre_ai
cleanup #73,pre_ai
bugfix #161,pre_ai
added feature #169,pre_ai
removed unused code #89,pre_ai
Merge branch 'main' #176,pre_ai
initial commit #269,pre_ai
v1.0 #73,pre_ai
fix bug #245,pre_ai
update code #77,pre_ai
changes #159,pre_ai
wip #489,pre_ai
stuff #459,pre_ai
fixed issue #324,pre_ai
updated file #98,pre_ai
minor fix #381,pre_ai
cleanup #102,pre_ai
bugfix #494,pre_ai
added feature #132,pre_ai
removed unused code #102,pre_ai
Merge branch 'main' #19,pre_ai
initial commit #454,pre_ai
v1.0 #482,pre_ai
fix bug #82,pre_ai
update code #397,pre_ai
changes #489,pre_ai
wip #279,pre_ai
stuff #339,pre_ai
fixed issue #365,pre_ai
updated file #331,pre_ai
minor fix #129,pre_ai
cleanup #344,pre_ai
bugfix #310,pre_ai
added feature #455,pre_ai
removed unused code #89,pre_ai
Merge branch 'main' #213,pre_ai
initial commit #143,pre_ai
v1.0 #65,pre_ai
fix bug #76,pre_ai
update code #199,pre_ai
changes #143,pre_ai
wip #405,pre_ai
stuff #403,pre_ai
fixed issue #316,pre_ai
updated file #93,pre_ai
minor fix #473,pre_ai
cleanup #417,pre_ai
bugfix #305,pre_ai
added feature #224,pre_ai
removed unused code #497,pre_ai
Merge branch 'main' #291,pre_ai
initial commit #428,pre_ai
v1.0 #102,pre_ai
fix bug #474,pre_ai
update code #267,pre_ai
changes #355,pre_ai
wip #456,pre_ai
stuff #110,pre_ai
fixed issue #462,pre_ai
updated file #330,pre_ai
minor fix #450,pre_ai
cleanup #430,pre_ai
bugfix #265,pre_ai
added feature #3,pre_ai
removed unused code #85,pre_ai
Merge branch 'main' #282,pre_ai
initial commit #328,pre_ai
v1.0 #304,pre_ai
fix bug #450,pre_ai
update code #454,pre_ai
changes #412,pre_ai
wip #117,pre_ai
stuff #221,pre_ai
fixed issue #154,pre_ai
updated file #153,pre_ai
minor fix #12,pre_ai
cleanup #133,pre_ai
bugfix #482,pre_ai
added feature #304,pre_ai
removed unused code #293,pre_ai
Merge branch 'main' #463,pre_ai
initial commit #300,pre_ai
v1.0 #228,pre_ai
fix bug #271,pre_ai
update code #43,pre_ai
changes #432,pre_ai
wip #343,pre_ai
stuff #326,pre_ai
fixed issue #302,pre_ai
updated file #498,pre_ai
minor fix #364,pre_ai
cleanup #379,pre_ai
bugfix #427,pre_ai
added feature #493,pre_ai
removed unused code #21,pre_ai
Merge branch 'main' #407,pre_ai
initial commit #107,pre_ai
v1.0 #336,pre_ai
fix bug #303,pre_ai
update code #117,pre_ai
changes #124,pre_ai
wip #399,pre_ai
stuff #281,pre_ai
fixed issue #292,pre_ai
updated file #203,pre_ai
minor fix #51,pre_ai
cleanup #271,pre_ai
bugfix #324,pre_ai
added feature #277,pre_ai
removed unused code #141,pre_ai
Merge branch 'main' #470,pre_ai
initial commit #275,pre_ai
v1.0 #290,pre_ai
fix bug #334,pre_ai
update code #381,pre_ai
changes #452,pre_ai
wip #496,pre_ai
stuff #373,pre_ai
fixed issue #52,pre_ai
updated file #494,pre_ai
minor fix #27,pre_ai
cleanup #157,pre_ai
bugfix #239,pre_ai
added feature #156,pre_ai
removed unused code #291,pre_ai
Merge branch 'main' #136,pre_ai
initial commit #144,pre_ai
v1.0 #106,pre_ai
fix bug #420,pre_ai
update code #158,pre_ai
changes #146,pre_ai
wip #2,pre_ai
stuff #433,pre_ai
fixed issue #77,pre_ai
updated file #132,pre_ai
minor fix #90,pre_ai
cleanup #345,pre_ai
bugfix #350,pre_ai
added feature #459,pre_ai
removed unused code #263,pre_ai
Merge branch 'main' #351,pre_ai
initial commit #108,pre_ai
v1.0 #74,pre_ai
fix bug #39,pre_ai
update code #397,pre_ai
changes #159,pre_ai
wip #71,pre_ai
stuff #447,pre_ai
fixed issue #312,pre_ai
updated file #241,pre_ai
minor fix #426,pre_ai
cleanup #445,pre_ai
bugfix #298,pre_ai
added feature #440,pre_ai
removed unused code #36,pre_ai
Merge branch 'main' #84,pre_ai
initial commit #452,pre_ai
v1.0 #374,pre_ai
fix bug #263,pre_ai
update code #310,pre_ai
changes #385,pre_ai
wip #172,pre_ai
stuff #376,pre_ai
fixed issue #173,pre_ai
updated file #362,pre_ai
minor fix #47,pre_ai
cleanup #379,pre_ai
bugfix #141,pre_ai
added feature #375,pre_ai
removed unused code #406,pre_ai
Merge branch 'main' #118,pre_ai
initial commit #277,pre_ai
v1.0 #214,pre_ai
fix bug #220,pre_ai
update code #393,pre_ai
changes #26,pre_ai
wip #9,pre_ai
stuff #271,pre_ai
fixed issue #10,pre_ai
updated file #472,pre_ai
minor fix #378,pre_ai
cleanup #121,pre_ai
bugfix #125,pre_ai
added feature #170,pre_ai
removed unused code #72,pre_ai
Merge branch 'main' #152,pre_ai
initial commit #208,pre_ai
v1.0 #49,pre_ai
fix bug #154,pre_ai
update code #347,pre_ai
changes #293,pre_ai
wip #68,pre_ai
stuff #50,pre_ai
fixed issue #152,pre_ai
updated file #19,pre_ai
minor fix #100,pre_ai
cleanup #60,pre_ai
bugfix #167,pre_ai
added feature #202,pre_ai
removed unused code #345,pre_ai
Merge branch 'main' #146,pre_ai
initial commit #403,pre_ai
v1.0 #164,pre_ai
fix bug #458,pre_ai
update code #481,pre_ai
changes #439,pre_ai
wip #242,pre_ai
stuff #69,pre_ai
fixed issue #175,pre_ai
updated file #49,pre_ai
minor fix #483,pre_ai
cleanup #108,pre_ai
bugfix #226,pre_ai
added feature #161,pre_ai
removed unused code #119,pre_ai
Merge branch 'main' #149,pre_ai
initial commit #465,pre_ai
v1.0 #150,pre_ai
fix bug #432,pre_ai
update code #293,pre_ai
changes #143,pre_ai
wip #419,pre_ai
stuff #476,pre_ai
fixed issue #455,pre_ai
updated file #160,pre_ai
minor fix #11,pre_ai
cleanup #138,pre_ai
bugfix #457,pre_ai
added feature #78,pre_ai
removed unused code #77,pre_ai
Merge branch 'main' #441,pre_ai
initial commit #254,pre_ai
v1.0 #409,pre_ai
fix bug #258,pre_ai
update code #320,pre_ai
changes #291,pre_ai
wip #263,pre_ai
stuff #85,pre_ai
fixed issue #146,pre_ai
updated file #323,pre_ai
minor fix #42,pre_ai
cleanup #374,pre_ai
bugfix #125,pre_ai
added feature #167,pre_ai
removed unused code #425,pre_ai
Merge branch 'main' #241,pre_ai
initial commit #459,pre_ai
v1.0 #487,pre_ai
fix bug #280,pre_ai
update code #188,pre_ai
changes #302,pre_ai
wip #19,pre_ai
stuff #68,pre_ai
fixed issue #218,pre_ai
updated file #102,pre_ai
minor fix #42,pre_ai
cleanup #288,pre_ai
bugfix #167,pre_ai
added feature #109,pre_ai
removed unused code #494,pre_ai
Merge branch 'main' #36,pre_ai
initial commit #232,pre_ai
v1.0 #229,pre_ai
fix bug #353,pre_ai
update code #164,pre_ai
changes #387,pre_ai
wip #73,pre_ai
stuff #136,pre_ai
fixed issue #353,pre_ai
updated file #379,pre_ai
minor fix #70,pre_ai
cleanup #425,pre_ai
bugfix #487,pre_ai
added feature #196,pre_ai
removed unused code #269,pre_ai
Merge branch 'main' #49,pre_ai
initial commit #316,pre_ai
v1.0 #130,pre_ai
fix bug #444,pre_ai
update code #5,pre_ai
changes #428,pre_ai
wip #27,pre_ai
stuff #160,pre_ai
fixed issue #149,pre_ai
updated file #264,pre_ai
minor fix #230,pre_ai
cleanup #200,pre_ai
bugfix #50,pre_ai
added feature #67,pre_ai
removed unused code #300,pre_ai
Merge branch 'main' #381,pre_ai
initial commit #58,pre_ai
v1.0 #259,pre_ai
fix bug #342,pre_ai
update code #326,pre_ai
changes #130,pre_ai
wip #215,pre_ai
stuff #172,pre_ai
fixed issue #258,pre_ai
updated file #102,pre_ai
minor fix #209,pre_ai
cleanup #291,pre_ai
bugfix #354,pre_ai
added feature #471,pre_ai
removed unused code #286,pre_ai
Merge branch 'main' #116,pre_ai
initial commit #264,pre_ai
v1.0 #150,pre_ai
fix bug #300,pre_ai
update code #442,pre_ai
changes #36,pre_ai
wip #453,pre_ai
stuff #333,pre_ai
fixed issue #477,pre_ai
updated file #287,pre_ai
minor fix #303,pre_ai
cleanup #311,pre_ai
bugfix #208,pre_ai
added feature #106,pre_ai
removed unused code #446,pre_ai
Merge branch 'main' #158,pre_ai
initial commit #121,pre_ai
v1.0 #55,pre_ai
fix bug #400,pre_ai
update code #12,pre_ai
changes #145,pre_ai
wip #400,pre_ai
stuff #396,pre_ai
fixed issue #136,pre_ai
updated file #468,pre_ai
minor fix #3,pre_ai
cleanup #144,pre_ai
bugfix #30,pre_ai
added feature #237,pre_ai
removed unused code #279,pre_ai
Merge branch 'main' #348,pre_ai
initial commit #115,pre_ai
v1.0 #104,pre_ai
fix bug #118,pre_ai
update code #5,pre_ai
changes #468,pre_ai
wip #360,pre_ai
stuff #248,pre_ai
fixed issue #364,pre_ai
updated file #321,pre_ai
minor fix #121,pre_ai
cleanup #286,pre_ai
bugfix #149,pre_ai
added feature #84,pre_ai
removed unused code #454,pre_ai
Merge branch 'main' #406,pre_ai
initial commit #466,pre_ai
v1.0 #456,pre_ai
fix bug #231,pre_ai
update code #288,pre_ai
changes #161,pre_ai
wip #272,pre_ai
stuff #460,pre_ai
fixed issue #38,pre_ai
updated file #226,pre_ai
minor fix #142,pre_ai
cleanup #292,pre_ai
bugfix #481,pre_ai
added feature #151,pre_ai
removed unused code #114,pre_ai
Merge branch 'main' #237,pre_ai
initial commit #66,pre_ai
v1.0 #361,pre_ai
fix bug #341,pre_ai
update code #258,pre_ai
changes #475,pre_ai
wip #249,pre_ai
stuff #457,pre_ai
fixed issue #449,pre_ai
updated file #331,pre_ai
minor fix #323,pre_ai
cleanup #180,pre_ai
bugfix #190,pre_ai
added feature #407,pre_ai
removed unused code #154,pre_ai
Merge branch 'main' #196,pre_ai
initial commit #466,pre_ai
v1.0 #311,pre_ai
fix bug #262,pre_ai
update code #419,pre_ai
changes #406,pre_ai
wip #427,pre_ai
stuff #143,pre_ai
fixed issue #342,pre_ai
updated file #316,pre_ai
minor fix #101,pre_ai
cleanup #244,pre_ai
bugfix #490,pre_ai
added feature #12,pre_ai
removed unused code #239,pre_ai
Merge branch 'main' #49,pre_ai
initial commit #42,pre_ai
v1.0 #166,pre_ai
fix bug #82,pre_ai
update code #429,pre_ai
changes #291,pre_ai
wip #158,pre_ai
stuff #216,pre_ai
fixed issue #490,pre_ai
updated file #158,pre_ai
minor fix #462,pre_ai
cleanup #134,pre_ai
bugfix #67,pre_ai
added feature #336,pre_ai
removed unused code #7,pre_ai
Merge branch 'main' #436,pre_ai
initial commit #14,pre_ai
v1.0 #73,pre_ai
fix bug #399,pre_ai
update code #405,pre_ai
changes #163,pre_ai
wip #66,pre_ai
stuff #347,pre_ai
fixed issue #130,pre_ai
updated file #419,pre_ai
minor fix #466,pre_ai
cleanup #206,pre_ai
bugfix #276,pre_ai
added feature #466,pre_ai
removed unused code #256,pre_ai
Merge branch 'main' #266,pre_ai
initial commit #25,pre_ai
v1.0 #450,pre_ai
fix bug #281,pre_ai
update code #253,pre_ai
changes #310,pre_ai
wip #289,pre_ai
stuff #164,pre_ai
fixed issue #95,pre_ai
updated file #270,pre_ai
minor fix #321,pre_ai
cleanup #110,pre_ai
bugfix #336,pre_ai
added feature #310,pre_ai
removed unused code #238,pre_ai
Merge branch 'main' #381,pre_ai
initial commit #436,pre_ai
v1.0 #387,pre_ai
fix bug #483,pre_ai
update code #425,pre_ai
changes #390,pre_ai
wip #25,pre_ai
stuff #141,pre_ai
fixed issue #117,pre_ai
updated file #482,pre_ai
minor fix #392,pre_ai
cleanup #405,pre_ai
bugfix #482,pre_ai
added feature #452,pre_ai
removed unused code #25,pre_ai
Merge branch 'main' #79,pre_ai
initial commit #68,pre_ai
v1.0 #173,pre_ai
fix bug #444,pre_ai
update code #12,pre_ai
changes #288,pre_ai
wip #128,pre_ai
stuff #96,pre_ai
fixed issue #92,pre_ai
updated file #141,pre_ai
minor fix #31,pre_ai
cleanup #334,pre_ai
bugfix #20,pre_ai
added feature #146,pre_ai
removed unused code #477,pre_ai
Merge branch 'main' #316,pre_ai
initial commit #447,pre_ai
v1.0 #390,pre_ai
fix bug #160,pre_ai
update code #349,pre_ai
changes #43,pre_ai
wip #254,pre_ai
stuff #130,pre_ai
fixed issue #60,pre_ai
updated file #151,pre_ai
minor fix #467,pre_ai
cleanup #287,pre_ai
bugfix #499,pre_ai
added feature #5,pre_ai
removed unused code #467,pre_ai
Merge branch 'main' #418,pre_ai
initial commit #266,pre_ai
v1.0 #345,pre_ai
fix bug #130,pre_ai
update code #382,pre_ai
changes #267,pre_ai
wip #178,pre_ai
stuff #253,pre_ai
fixed issue #415,pre_ai
updated file #56,pre_ai
minor fix #463,pre_ai
cleanup #457,pre_ai
bugfix #471,pre_ai
added feature #83,pre_ai
removed unused code #393,pre_ai
Merge branch 'main' #99,pre_ai
initial commit #149,pre_ai
v1.0 #329,pre_ai
fix bug #156,pre_ai
update code #190,pre_ai
changes #494,pre_ai
wip #371,pre_ai
stuff #263,pre_ai
fixed issue #80,pre_ai
updated file #400,pre_ai
minor fix #252,pre_ai
cleanup #97,pre_ai
bugfix #260,pre_ai
added feature #260,pre_ai
removed unused code #103,pre_ai
Merge branch 'main' #40,pre_ai
initial commit #273,pre_ai
v1.0 #101,pre_ai
fix bug #359,pre_ai
update code #380,pre_ai
changes #308,pre_ai
wip #221,pre_ai
stuff #308,pre_ai
fixed issue #420,pre_ai
updated file #124,pre_ai
minor fix #422,pre_ai
cleanup #231,pre_ai
bugfix #178,pre_ai
added feature #63,pre_ai
removed unused code #485,pre_ai
Merge branch 'main' #116,pre_ai
initial commit #191,pre_ai
v1.0 #62,pre_ai
fix bug #256,pre_ai
update code #483,pre_ai
changes #7,pre_ai
wip #155,pre_ai
stuff #92,pre_ai
fixed issue #470,pre_ai
updated file #14,pre_ai
minor fix #455,pre_ai
cleanup #229,pre_ai
bugfix #86,pre_ai
added feature #133,pre_ai
removed unused code #183,pre_ai
Merge branch 'main' #386,pre_ai
initial commit #62,pre_ai
v1.0 #219,pre_ai
fix bug #405,pre_ai
update code #246,pre_ai
changes #230,pre_ai
wip #79,pre_ai
stuff #149,pre_ai
fixed issue #138,pre_ai
updated file #471,pre_ai
minor fix #314,pre_ai
cleanup #376,pre_ai
bugfix #423,pre_ai
added feature #389,pre_ai
removed unused code #65,pre_ai
Merge branch 'main' #13,pre_ai
initial commit #213,pre_ai
v1.0 #474,pre_ai
fix bug #242,pre_ai
update code #493,pre_ai
changes #213,pre_ai
wip #181,pre_ai
stuff #338,pre_ai
fixed issue #485,pre_ai
updated file #173,pre_ai
minor fix #160,pre_ai
cleanup #164,pre_ai
bugfix #465,pre_ai
added feature #483,pre_ai
removed unused code #497,pre_ai
Merge branch 'main' #188,pre_ai
initial commit #395,pre_ai
v1.0 #191,pre_ai
fix bug #405,pre_ai
update code #308,pre_ai
changes #256,pre_ai
wip #183,pre_ai
stuff #117,pre_ai
fixed issue #282,pre_ai
updated file #196,pre_ai
minor fix #34,pre_ai
cleanup #52,pre_ai
bugfix #112,pre_ai
added feature #252,pre_ai
removed unused code #82,pre_ai
Merge branch 'main' #232,pre_ai
initial commit #227,pre_ai
v1.0 #233,pre_ai
fix bug #221,pre_ai
update code #436,pre_ai
changes #413,pre_ai
wip #422,pre_ai
stuff #42,pre_ai
fixed issue #21,pre_ai
updated file #42,pre_ai
minor fix #397,pre_ai
cleanup #113,pre_ai
bugfix #105,pre_ai
added feature #192,pre_ai
removed unused code #17,pre_ai
Merge branch 'main' #120,pre_ai
initial commit #393,pre_ai
v1.0 #425,pre_ai
fix bug #129,pre_ai
update code #130,pre_ai
changes #60,pre_ai
wip #48,pre_ai
stuff #29,pre_ai
fixed issue #97,pre_ai
updated file #10,pre_ai
minor fix #242,pre_ai
cleanup #314,pre_ai
bugfix #444,pre_ai
added feature #232,pre_ai
removed unused code #277,pre_ai
Merge branch 'main' #284,pre_ai
initial commit #203,pre_ai
v1.0 #247,pre_ai
fix bug #290,pre_ai
update code #264,pre_ai
changes #443,pre_ai
wip #214,pre_ai
stuff #200,pre_ai
fixed issue #433,pre_ai
updated file #79,pre_ai
minor fix #401,pre_ai
cleanup #444,pre_ai
bugfix #343,pre_ai
added feature #344,pre_ai
removed unused code #173,pre_ai
Merge branch 'main' #467,pre_ai
initial commit #69,pre_ai
v1.0 #416,pre_ai
fix bug #428,pre_ai
update code #449,pre_ai
changes #87,pre_ai
wip #101,pre_ai
stuff #8,pre_ai
fixed issue #333,pre_ai
updated file #200,pre_ai
minor fix #87,pre_ai
cleanup #43,pre_ai
bugfix #385,pre_ai
added feature #109,pre_ai
removed unused code #435,pre_ai
Merge branch 'main' #408,pre_ai
initial commit #483,pre_ai
v1.0 #152,pre_ai
fix bug #17,pre_ai
update code #133,pre_ai
changes #148,pre_ai
wip #277,pre_ai
stuff #232,pre_ai
fixed issue #314,pre_ai
updated file #415,pre_ai
minor fix #366,pre_ai
cleanup #228,pre_ai
bugfix #139,pre_ai
added feature #436,pre_ai
removed unused code #399,pre_ai
Merge branch 'main' #211,pre_ai
initial commit #391,pre_ai
v1.0 #499,pre_ai
fix bug #28,pre_ai
update code #51,pre_ai
changes #491,pre_ai
wip #442,pre_ai
stuff #261,pre_ai
fixed issue #261,pre_ai
updated file #350,pre_ai
minor fix #352,pre_ai
cleanup #8,pre_ai
bugfix #320,pre_ai
added feature #138,pre_ai
removed unused code #38,pre_ai
Merge branch 'main' #111,pre_ai
initial commit #480,pre_ai
v1.0 #368,pre_ai
fix bug #220,pre_ai
update code #337,pre_ai
changes #223,pre_ai
wip #136,pre_ai
stuff #256,pre_ai
fixed issue #360,pre_ai
updated file #409,pre_ai
minor fix #329,pre_ai
cleanup #450,pre_ai
bugfix #463,pre_ai
added feature #434,pre_ai
removed unused code #451,pre_ai
Merge branch 'main' #49,pre_ai
initial commit #292,pre_ai
v1.0 #382,pre_ai
fix bug #324,pre_ai
update code #78,pre_ai
changes #105,pre_ai
wip #169,pre_ai
stuff #217,pre_ai
fixed issue #378,pre_ai
updated file #119,pre_ai
minor fix #190,pre_ai
cleanup #255,pre_ai
bugfix #370,pre_ai
added feature #266,pre_ai
removed unused code #149,pre_ai
Merge branch 'main' #164,pre_ai
initial commit #140,pre_ai
v1.0 #347,pre_ai
fix bug #488,pre_ai
update code #258,pre_ai
changes #374,pre_ai
wip #269,pre_ai
stuff #181,pre_ai
fixed issue #160,pre_ai
updated file #351,pre_ai
minor fix #400,pre_ai
cleanup #288,pre_ai
bugfix #288,pre_ai
added feature #380,pre_ai
removed unused code #226,pre_ai
Merge branch 'main' #11,pre_ai
initial commit #10,pre_ai
v1.0 #271,pre_ai
fix bug #273,pre_ai
update code #424,pre_ai
changes #402,pre_ai
wip #183,pre_ai
stuff #457,pre_ai
fixed issue #153,pre_ai
updated file #488,pre_ai
minor fix #315,pre_ai
cleanup #334,pre_ai
bugfix #124,pre_ai
added feature #473,pre_ai
removed unused code #114,pre_ai
Merge branch 'main' #278,pre_ai
initial commit #414,pre_ai
v1.0 #468,pre_ai
fix bug #213,pre_ai
update code #172,pre_ai
changes #288,pre_ai
wip #435,pre_ai
stuff #174,pre_ai
fixed issue #113,pre_ai
updated file #376,pre_ai
minor fix #405,pre_ai
cleanup #483,pre_ai
bugfix #122,pre_ai
added feature #32,pre_ai
removed unused code #222,pre_ai
Merge branch 'main' #119,pre_ai
initial commit #39,pre_ai
v1.0 #497,pre_ai
fix bug #268,pre_ai
update code #233,pre_ai
changes #431,pre_ai
wip #18,pre_ai
stuff #149,pre_ai
fixed issue #397,pre_ai
updated file #149,pre_ai
minor fix #126,pre_ai
cleanup #392,pre_ai
bugfix #302,pre_ai
added feature #360,pre_ai
removed unused code #238,pre_ai
Merge branch 'main' #135,pre_ai
initial commit #151,pre_ai
v1.0 #236,pre_ai
fix bug #224,pre_ai
update code #203,pre_ai
changes #256,pre_ai
wip #86,pre_ai
stuff #150,pre_ai
fixed issue #235,pre_ai
updated file #345,pre_ai
minor fix #22,pre_ai
cleanup #348,pre_ai
bugfix #285,pre_ai
added feature #269,pre_ai
removed unused code #466,pre_ai
Merge branch 'main' #258,pre_ai
initial commit #29,pre_ai
v1.0 #213,pre_ai
fix bug #463,pre_ai
update code #436,pre_ai
changes #283,pre_ai
wip #50,pre_ai
stuff #95,pre_ai
fixed issue #463,pre_ai
updated file #499,pre_ai
minor fix #407,pre_ai
cleanup #88,pre_ai
bugfix #44,pre_ai
added feature #461,pre_ai
removed unused code #278,pre_ai
Merge branch 'main' #171,pre_ai
initial commit #421,pre_ai
v1.0 #189,pre_ai
fix bug #353,pre_ai
update code #184,pre_ai
changes #3,pre_ai
wip #191,pre_ai
stuff #118,pre_ai
fixed issue #19,pre_ai
updated file #23,pre_ai
minor fix #413,pre_ai
cleanup #30,pre_ai
bugfix #295,pre_ai
added feature #108,pre_ai
removed unused code #367,pre_ai
Merge branch 'main' #281,pre_ai
initial commit #128,pre_ai
v1.0 #229,pre_ai
fix bug #111,pre_ai
update code #136,pre_ai
changes #362,pre_ai
wip #186,pre_ai
stuff #144,pre_ai
fixed issue #72,pre_ai
updated file #129,pre_ai
minor fix #364,pre_ai
cleanup #261,pre_ai
bugfix #3,pre_ai
added feature #449,pre_ai
removed unused code #388,pre_ai
Merge branch 'main' #104,pre_ai
initial commit #483,pre_ai
v1.0 #224,pre_ai
fix bug #320,pre_ai
update code #362,pre_ai
changes #354,pre_ai
wip #491,pre_ai
stuff #473,pre_ai
fixed issue #10,pre_ai
updated file #405,pre_ai
minor fix #384,pre_ai
cleanup #302,pre_ai
bugfix #231,pre_ai
added feature #219,pre_ai
removed unused code #411,pre_ai
Merge branch 'main' #66,pre_ai
initial commit #425,pre_ai
v1.0 #112,pre_ai
fix bug #13,pre_ai
update code #393,pre_ai
changes #420,pre_ai
wip #86,pre_ai
stuff #234,pre_ai
fixed issue #90,pre_ai
updated file #314,pre_ai
minor fix #54,pre_ai
cleanup #12,pre_ai
bugfix #209,pre_ai
added feature #462,pre_ai
removed unused code #14,pre_ai
Merge branch 'main' #121,pre_ai
initial commit #418,pre_ai
v1.0 #437,pre_ai
fix bug #377,pre_ai
update code #20,pre_ai
changes #75,pre_ai
wip #400,pre_ai
stuff #243,pre_ai
fixed issue #223,pre_ai
updated file #70,pre_ai
minor fix #312,pre_ai
cleanup #211,pre_ai
bugfix #101,pre_ai
added feature #186,pre_ai
removed unused code #132,pre_ai
Merge branch 'main' #111,pre_ai
initial commit #381,pre_ai
v1.0 #132,pre_ai
fix bug #20,pre_ai
update code #394,pre_ai
changes #24,pre_ai
wip #227,pre_ai
stuff #154,pre_ai
fixed issue #293,pre_ai
updated file #230,pre_ai
minor fix #469,pre_ai
cleanup #310,pre_ai
bugfix #488,pre_ai
added feature #359,pre_ai
removed unused code #405,pre_ai
Merge branch 'main' #202,pre_ai
initial commit #38,pre_ai
v1.0 #430,pre_ai
fix bug #260,pre_ai
update code #188,pre_ai
changes #57,pre_ai
wip #429,pre_ai
stuff #20,pre_ai
fixed issue #273,pre_ai
updated file #119,pre_ai
minor fix #71,pre_ai
cleanup #4,pre_ai
bugfix #221,pre_ai
added feature #14,pre_ai
removed unused code #3,pre_ai
Merge branch 'main' #216,pre_ai
initial commit #229,pre_ai
v1.0 #336,pre_ai
fix bug #186,pre_ai
update code #55,pre_ai
changes #388,pre_ai
wip #376,pre_ai
stuff #254,pre_ai
fixed issue #24,pre_ai
updated file #162,pre_ai
minor fix #158,pre_ai
cleanup #82,pre_ai
bugfix #403,pre_ai
added feature #159,pre_ai
removed unused code #188,pre_ai
Merge branch 'main' #60,pre_ai
initial commit #403,pre_ai
v1.0 #305,pre_ai
fix bug #319,pre_ai
update code #366,pre_ai
changes #211,pre_ai
wip #406,pre_ai
stuff #152,pre_ai
fixed issue #109,pre_ai
updated file #76,pre_ai
minor fix #30,pre_ai
cleanup #314,pre_ai
bugfix #486,pre_ai
added feature #117,pre_ai
removed unused code #415,pre_ai
Merge branch 'main' #356,pre_ai
initial commit #192,pre_ai
v1.0 #19,pre_ai
fix bug #432,pre_ai
update code #173,pre_ai
changes #228,pre_ai
wip #350,pre_ai
stuff #183,pre_ai
fixed issue #113,pre_ai
updated file #183,pre_ai
minor fix #481,pre_ai
cleanup #146,pre_ai
bugfix #319,pre_ai
added feature #116,pre_ai
removed unused code #113,pre_ai
Merge branch 'main' #251,pre_ai
initial commit #476,pre_ai
v1.0 #251,pre_ai
fix bug #303,pre_ai
update code #459,pre_ai
changes #313,pre_ai
wip #118,pre_ai
stuff #301,pre_ai
fixed issue #161,pre_ai
updated file #401,pre_ai
minor fix #198,pre_ai
cleanup #260,pre_ai
bugfix #148,pre_ai
added feature #240,pre_ai
removed unused code #47,pre_ai
Merge branch 'main' #475,pre_ai
initial commit #399,pre_ai
v1.0 #198,pre_ai
fix bug #47,pre_ai
update code #78,pre_ai
changes #124,pre_ai
wip #75,pre_ai
stuff #359,pre_ai
fixed issue #137,pre_ai
updated file #90,pre_ai
minor fix #400,pre_ai
cleanup #325,pre_ai
bugfix #61,pre_ai
added feature #138,pre_ai
removed unused code #50,pre_ai
Merge branch 'main' #259,pre_ai
initial commit #461,pre_ai
v1.0 #107,pre_ai
fix bug #113,pre_ai
update code #350,pre_ai
changes #254,pre_ai
wip #118,pre_ai
stuff #493,pre_ai
fixed issue #198,pre_ai
updated file #337,pre_ai
minor fix #365,pre_ai
cleanup #51,pre_ai
bugfix #245,pre_ai
added feature #403,pre_ai
removed unused code #426,pre_ai
Merge branch 'main' #35,pre_ai
initial commit #302,pre_ai
v1.0 #410,pre_ai
fix bug #499,pre_ai
update code #69,pre_ai
changes #349,pre_ai
wip #320,pre_ai
stuff #421,pre_ai
fixed issue #468,pre_ai
updated file #49,pre_ai
minor fix #405,pre_ai
cleanup #74,pre_ai
bugfix #192,pre_ai
added feature #261,pre_ai
removed unused code #356,pre_ai
Merge branch 'main' #70,pre_ai
initial commit #90,pre_ai
v1.0 #260,pre_ai
fix bug #126,pre_ai
update code #231,pre_ai
changes #295,pre_ai
wip #498,pre_ai
stuff #419,pre_ai
fixed issue #129,pre_ai
updated file #280,pre_ai
minor fix #313,pre_ai
cleanup #100,pre_ai
bugfix #326,pre_ai
added feature #297,pre_ai
removed unused code #182,pre_ai
Merge branch 'main' #174,pre_ai
initial commit #316,pre_ai
v1.0 #364,pre_ai
fix bug #188,pre_ai
update code #57,pre_ai
changes #31,pre_ai
wip #84,pre_ai
stuff #152,pre_ai
fixed issue #473,pre_ai
updated file #36,pre_ai
minor fix #213,pre_ai
cleanup #414,pre_ai
bugfix #408,pre_ai
added feature #364,pre_ai
removed unused code #106,pre_ai
Merge branch 'main' #414,pre_ai
initial commit #342,pre_ai
v1.0 #220,pre_ai
fix bug #391,pre_ai
update code #163,pre_ai
changes #439,pre_ai
wip #220,pre_ai
stuff #270,pre_ai
fixed issue #120,pre_ai
updated file #394,pre_ai
minor fix #336,pre_ai
cleanup #400,pre_ai
bugfix #182,pre_ai
added feature #479,pre_ai
removed unused code #106,pre_ai
Merge branch 'main' #217,pre_ai
initial commit #205,pre_ai
v1.0 #70,pre_ai
fix bug #44,pre_ai
update code #329,pre_ai
changes #301,pre_ai
wip #228,pre_ai
stuff #184,pre_ai
fixed issue #107,pre_ai
updated file #84,pre_ai
minor fix #338,pre_ai
cleanup #250,pre_ai
bugfix #363,pre_ai
added feature #441,pre_ai
removed unused code #21,pre_ai
Merge branch 'main' #196,pre_ai
initial commit #178,pre_ai
v1.0 #417,pre_ai
fix bug #475,pre_ai
update code #7,pre_ai
changes #70,pre_ai
wip #127,pre_ai
stuff #399,pre_ai
fixed issue #466,pre_ai
updated file #160,pre_ai
minor fix #248,pre_ai
cleanup #203,pre_ai
bugfix #148,pre_ai
added feature #472,pre_ai
removed unused code #143,pre_ai
Merge branch 'main' #432,pre_ai
initial commit #199,pre_ai
v1.0 #405,pre_ai
fix bug #426,pre_ai
update code #154,pre_ai
changes #492,pre_ai
wip #376,pre_ai
stuff #384,pre_ai
fixed issue #142,pre_ai
updated file #313,pre_ai
minor fix #165,pre_ai
cleanup #314,pre_ai
bugfix #21,pre_ai
added feature #82,pre_ai
removed unused code #69,pre_ai
Merge branch 'main' #131,pre_ai
initial commit #87,pre_ai
v1.0 #218,pre_ai
fix bug #421,pre_ai
update code #472,pre_ai
changes #305,pre_ai
wip #403,pre_ai
stuff #371,pre_ai
fixed issue #345,pre_ai
updated file #341,pre_ai
minor fix #384,pre_ai
cleanup #396,pre_ai
bugfix #445,pre_ai
added feature #425,pre_ai
removed unused code #161,pre_ai
Merge branch 'main' #178,pre_ai
initial commit #117,pre_ai
v1.0 #196,pre_ai
fix bug #383,pre_ai
update code #490,pre_ai
changes #327,pre_ai
wip #86,pre_ai
stuff #289,pre_ai
fixed issue #81,pre_ai
updated file #152,pre_ai
minor fix #61,pre_ai
cleanup #61,pre_ai
bugfix #354,pre_ai
added feature #28,pre_ai
removed unused code #442,pre_ai
Merge branch 'main' #43,pre_ai
initial commit #169,pre_ai
v1.0 #423,pre_ai
fix bug #86,pre_ai
update code #177,pre_ai
changes #17,pre_ai
wip #98,pre_ai
stuff #454,pre_ai
fixed issue #494,pre_ai
updated file #198,pre_ai
minor fix #98,pre_ai
cleanup #65,pre_ai
bugfix #330,pre_ai
added feature #341,pre_ai
removed unused code #5,pre_ai
Merge branch 'main' #2,pre_ai
initial commit #22,pre_ai
v1.0 #112,pre_ai
fix bug #57,pre_ai
update code #66,pre_ai
changes #330,pre_ai
wip #98,pre_ai
stuff #144,pre_ai
fixed issue #368,pre_ai
updated file #435,pre_ai
minor fix #125,pre_ai
cleanup #167,pre_ai
bugfix #86,pre_ai
added feature #76,pre_ai
removed unused code #344,pre_ai
Merge branch 'main' #495,pre_ai
initial commit #424,pre_ai
v1.0 #294,pre_ai
fix bug #444,pre_ai
update code #59,pre_ai
changes #138,pre_ai
wip #99,pre_ai
stuff #192,pre_ai
fixed issue #243,pre_ai
updated file #319,pre_ai
minor fix #49,pre_ai
cleanup #448,pre_ai
bugfix #32,pre_ai
added feature #391,pre_ai
removed unused code #277,pre_ai
Merge branch 'main' #20,pre_ai
initial commit #154,pre_ai
v1.0 #383,pre_ai
fix bug #68,pre_ai
update code #366,pre_ai
changes #372,pre_ai
wip #214,pre_ai
stuff #143,pre_ai
fixed issue #376,pre_ai
updated file #232,pre_ai
minor fix #213,pre_ai
cleanup #79,pre_ai
bugfix #214,pre_ai
added feature #116,pre_ai
removed unused code #92,pre_ai
Merge branch 'main' #270,pre_ai
initial commit #411,pre_ai
v1.0 #381,pre_ai
fix bug #489,pre_ai
update code #168,pre_ai
changes #58,pre_ai
wip #284,pre_ai
stuff #26,pre_ai
fixed issue #369,pre_ai
updated file #447,pre_ai
minor fix #66,pre_ai
cleanup #409,pre_ai
bugfix #248,pre_ai
added feature #254,pre_ai
removed unused code #387,pre_ai
Merge branch 'main' #456,pre_ai
initial commit #44,pre_ai
v1.0 #97,pre_ai
fix bug #42,pre_ai
update code #227,pre_ai
changes #262,pre_ai
wip #167,pre_ai
stuff #436,pre_ai
fixed issue #279,pre_ai
updated file #89,pre_ai
minor fix #379,pre_ai
cleanup #178,pre_ai
bugfix #427,pre_ai
added feature #403,pre_ai
removed unused code #197,pre_ai
Merge branch 'main' #307,pre_ai
initial commit #267,pre_ai
v1.0 #268,pre_ai
fix bug #74,pre_ai
update code #8,pre_ai
changes #408,pre_ai
wip #476,pre_ai
stuff #297,pre_ai
fixed issue #164,pre_ai
updated file #485,pre_ai
minor fix #85,pre_ai
cleanup #72,pre_ai
bugfix #55,pre_ai
added feature #393,pre_ai
removed unused code #47,pre_ai
Merge branch 'main' #399,pre_ai
initial commit #432,pre_ai
v1.0 #238,pre_ai
fix bug #104,pre_ai
update code #210,pre_ai
changes #42,pre_ai
wip #316,pre_ai
stuff #468,pre_ai
fixed issue #454,pre_ai
updated file #268,pre_ai
minor fix #386,pre_ai
cleanup #263,pre_ai
bugfix #336,pre_ai
added feature #387,pre_ai
removed unused code #365,pre_ai
Merge branch 'main' #259,pre_ai
initial commit #283,pre_ai
v1.0 #114,pre_ai
fix bug #363,pre_ai
update code #40,pre_ai
changes #486,pre_ai
wip #417,pre_ai
stuff #220,pre_ai
fixed issue #129,pre_ai
updated file #8,pre_ai
minor fix #101,pre_ai
cleanup #416,pre_ai
bugfix #380,pre_ai
added feature #176,pre_ai
removed unused code #107,pre_ai
Merge branch 'main' #101,pre_ai
initial commit #260,pre_ai
v1.0 #478,pre_ai
fix bug #454,pre_ai
update code #366,pre_ai
changes #246,pre_ai
wip #275,pre_ai
stuff #32,pre_ai
fixed issue #137,pre_ai
updated file #12,pre_ai
minor fix #395,pre_ai
cleanup #302,pre_ai
bugfix #375,pre_ai
added feature #16,pre_ai
removed unused code #129,pre_ai
Merge branch 'main' #63,pre_ai
initial commit #109,pre_ai
v1.0 #375,pre_ai
fix bug #21,pre_ai
update code #158,pre_ai
changes #269,pre_ai
wip #162,pre_ai
stuff #260,pre_ai
fixed issue #412,pre_ai
updated file #102,pre_ai
minor fix #223,pre_ai
cleanup #59,pre_ai
bugfix #247,pre_ai
added feature #128,pre_ai
removed unused code #283,pre_ai
Merge branch 'main' #325,pre_ai
initial commit #25,pre_ai
v1.0 #131,pre_ai
fix bug #353,pre_ai
update code #196,pre_ai
changes #281,pre_ai
wip #404,pre_ai
stuff #418,pre_ai
fixed issue #154,pre_ai
updated file #382,pre_ai
minor fix #133,pre_ai
cleanup #227,pre_ai
bugfix #189,pre_ai
added feature #476,pre_ai
removed unused code #477,pre_ai
Merge branch 'main' #265,pre_ai
initial commit #372,pre_ai
v1.0 #486,pre_ai
fix bug #434,pre_ai
update code #134,pre_ai
changes #211,pre_ai
wip #60,pre_ai
stuff #428,pre_ai
fixed issue #377,pre_ai
updated file #395,pre_ai
minor fix #450,pre_ai
cleanup #431,pre_ai
bugfix #364,pre_ai
added feature #364,pre_ai
removed unused code #457,pre_ai
Merge branch 'main' #213,pre_ai
initial commit #216,pre_ai
v1.0 #226,pre_ai
fix bug #470,pre_ai
update code #131,pre_ai
changes #76,pre_ai
wip #476,pre_ai
stuff #286,pre_ai
fixed issue #474,pre_ai
updated file #496,pre_ai
minor fix #277,pre_ai
cleanup #156,pre_ai
bugfix #248,pre_ai
added feature #218,pre_ai
removed unused code #190,pre_ai
Merge branch 'main' #417,pre_ai
initial commit #469,pre_ai
v1.0 #163,pre_ai
fix bug #180,pre_ai
update code #34,pre_ai
changes #41,pre_ai
wip #307,pre_ai
stuff #431,pre_ai
fixed issue #338,pre_ai
updated file #314,pre_ai
minor fix #75,pre_ai
cleanup #441,pre_ai
bugfix #279,pre_ai
added feature #176,pre_ai
removed unused code #384,pre_ai
Merge branch 'main' #150,pre_ai
initial commit #273,pre_ai
v1.0 #325,pre_ai
fix bug #108,pre_ai
update code #139,pre_ai
changes #350,pre_ai
wip #271,pre_ai
stuff #347,pre_ai
fixed issue #419,pre_ai
updated file #289,pre_ai
minor fix #212,pre_ai
cleanup #381,pre_ai
bugfix #272,pre_ai
added feature #418,pre_ai
removed unused code #66,pre_ai
Merge branch 'main' #483,pre_ai
initial commit #424,pre_ai
v1.0 #248,pre_ai
fix bug #156,pre_ai
update code #47,pre_ai
changes #423,pre_ai
wip #454,pre_ai
stuff #201,pre_ai
fixed issue #148,pre_ai
updated file #124,pre_ai
minor fix #1,pre_ai
cleanup #456,pre_ai
bugfix #247,pre_ai
added feature #343,pre_ai
removed unused code #128,pre_ai
Merge branch 'main' #191,pre_ai
initial commit #67,pre_ai
v1.0 #4,pre_ai
fix bug #442,pre_ai
update code #409,pre_ai
changes #303,pre_ai
wip #294,pre_ai
stuff #143,pre_ai
fixed issue #191,pre_ai
updated file #21,pre_ai
minor fix #227,pre_ai
cleanup #313,pre_ai
bugfix #117,pre_ai
added feature #437,pre_ai
removed unused code #302,pre_ai
Merge branch 'main' #142,pre_ai
initial commit #484,pre_ai
v1.0 #460,pre_ai
fix bug #401,pre_ai
update code #39,pre_ai
changes #393,pre_ai
wip #355,pre_ai
stuff #252,pre_ai
fixed issue #333,pre_ai
updated file #207,pre_ai
minor fix #210,pre_ai
cleanup #115,pre_ai
bugfix #225,pre_ai
added feature #134,pre_ai
removed unused code #251,pre_ai
Merge branch 'main' #219,pre_ai
initial commit #407,pre_ai
v1.0 #443,pre_ai
fix bug #91,pre_ai
update code #354,pre_ai
changes #376,pre_ai
wip #46,pre_ai
stuff #38,pre_ai
fixed issue #142,pre_ai
updated file #100,pre_ai
minor fix #328,pre_ai
cleanup #190,pre_ai
bugfix #35,pre_ai
added feature #147,pre_ai
removed unused code #30,pre_ai
Merge branch 'main' #334,pre_ai
initial commit #84,pre_ai
v1.0 #369,pre_ai
fix bug #281,pre_ai
update code #424,pre_ai
changes #344,pre_ai
wip #270,pre_ai
stuff #154,pre_ai
fixed issue #102,pre_ai
updated file #215,pre_ai
minor fix #150,pre_ai
cleanup #432,pre_ai
bugfix #83,pre_ai
added feature #110,pre_ai
removed unused code #435,pre_ai
Merge branch 'main' #387,pre_ai
initial commit #426,pre_ai
v1.0 #275,pre_ai
fix bug #201,pre_ai
update code #284,pre_ai
changes #468,pre_ai
wip #173,pre_ai
stuff #327,pre_ai
fixed issue #206,pre_ai
updated file #63,pre_ai
minor fix #73,pre_ai
cleanup #251,pre_ai
bugfix #124,pre_ai
added feature #375,pre_ai
removed unused code #121,pre_ai
Merge branch 'main' #275,pre_ai
initial commit #431,pre_ai
v1.0 #398,pre_ai
fix bug #120,pre_ai
update code #422,pre_ai
changes #437,pre_ai
wip #317,pre_ai
stuff #164,pre_ai
fixed issue #424,pre_ai
updated file #465,pre_ai
minor fix #286,pre_ai
cleanup #265,pre_ai
bugfix #320,pre_ai
added feature #161,pre_ai
removed unused code #376,pre_ai
Merge branch 'main' #308,pre_ai
initial commit #89,pre_ai
v1.0 #142,pre_ai
fix bug #203,pre_ai
update code #309,pre_ai
changes #227,pre_ai
wip #489,pre_ai
stuff #443,pre_ai
fixed issue #334,pre_ai
updated file #222,pre_ai
minor fix #41,pre_ai
cleanup #196,pre_ai
bugfix #68,pre_ai
added feature #476,pre_ai
removed unused code #264,pre_ai
Merge branch 'main' #2,pre_ai
initial commit #361,pre_ai
v1.0 #125,pre_ai
fix bug #110,pre_ai
update code #86,pre_ai
changes #425,pre_ai
wip #120,pre_ai
stuff #127,pre_ai
fixed issue #255,pre_ai
updated file #183,pre_ai
minor fix #16,pre_ai
cleanup #477,pre_ai
bugfix #62,pre_ai
added feature #369,pre_ai
removed unused code #432,pre_ai
Merge branch 'main' #158,pre_ai
initial commit #268,pre_ai
v1.0 #35,pre_ai
fix bug #267,pre_ai
update code #64,pre_ai
changes #494,pre_ai
wip #50,pre_ai
stuff #469,pre_ai
fixed issue #255,pre_ai
updated file #149,pre_ai
minor fix #325,pre_ai
cleanup #304,pre_ai
bugfix #276,pre_ai
added feature #357,pre_ai
removed unused code #451,pre_ai
Merge branch 'main' #172,pre_ai
initial commit #417,pre_ai
v1.0 #201,pre_ai
fix bug #445,pre_ai
update code #393,pre_ai
changes #324,pre_ai
wip #35,pre_ai
stuff #465,pre_ai
fixed issue #482,pre_ai
updated file #216,pre_ai
minor fix #480,pre_ai
cleanup #65,pre_ai
bugfix #8,pre_ai
added feature #301,pre_ai
removed unused code #343,pre_ai
Merge branch 'main' #431,pre_ai
initial commit #424,pre_ai
v1.0 #332,pre_ai
fix bug #438,pre_ai
update code #76,pre_ai
changes #174,pre_ai
wip #47,pre_ai
stuff #15,pre_ai
fixed issue #361,pre_ai
updated file #147,pre_ai
minor fix #26,pre_ai
cleanup #308,pre_ai
bugfix #93,pre_ai
added feature #406,pre_ai
removed unused code #232,pre_ai
Merge branch 'main' #21,pre_ai
initial commit #307,pre_ai
v1.0 #38,pre_ai
fix bug #276,pre_ai
update code #157,pre_ai
changes #179,pre_ai
wip #132,pre_ai
stuff #311,pre_ai
fixed issue #455,pre_ai
updated file #348,pre_ai
minor fix #28,pre_ai
cleanup #260,pre_ai
bugfix #406,pre_ai
added feature #76,pre_ai
removed unused code #429,pre_ai
Merge branch 'main' #67,pre_ai
initial commit #342,pre_ai
v1.0 #492,pre_ai
fix bug #194,pre_ai
update code #472,pre_ai
changes #162,pre_ai
wip #347,pre_ai
stuff #439,pre_ai
fixed issue #361,pre_ai
updated file #257,pre_ai
minor fix #72,pre_ai
cleanup #87,pre_ai
bugfix #422,pre_ai
added feature #262,pre_ai
removed unused code #214,pre_ai
Merge branch 'main' #153,pre_ai
initial commit #210,pre_ai
v1.0 #401,pre_ai
fix bug #61,pre_ai
update code #268,pre_ai
changes #262,pre_ai
wip #218,pre_ai
stuff #283,pre_ai
fixed issue #136,pre_ai
updated file #467,pre_ai
minor fix #380,pre_ai
cleanup #362,pre_ai
bugfix #449,pre_ai
added feature #441,pre_ai
removed unused code #93,pre_ai
Merge branch 'main' #109,pre_ai
initial commit #241,pre_ai
v1.0 #355,pre_ai
fix bug #424,pre_ai
update code #142,pre_ai
changes #291,pre_ai
wip #432,pre_ai
stuff #237,pre_ai
fixed issue #340,pre_ai
updated file #312,pre_ai
minor fix #177,pre_ai
cleanup #141,pre_ai
bugfix #189,pre_ai
added feature #486,pre_ai
removed unused code #49,pre_ai
Merge branch 'main' #302,pre_ai
initial commit #369,pre_ai
v1.0 #190,pre_ai
fix bug #136,pre_ai
update code #43,pre_ai
changes #404,pre_ai
wip #380,pre_ai
stuff #353,pre_ai
fixed issue #90,pre_ai
updated file #295,pre_ai
minor fix #341,pre_ai
cleanup #245,pre_ai
bugfix #433,pre_ai
added feature #192,pre_ai
removed unused code #318,pre_ai
Merge branch 'main' #106,pre_ai
initial commit #363,pre_ai
v1.0 #310,pre_ai
fix bug #382,pre_ai
update code #233,pre_ai
changes #265,pre_ai
wip #344,pre_ai
stuff #37,pre_ai
fixed issue #305,pre_ai
updated file #41,pre_ai
minor fix #17,pre_ai
cleanup #344,pre_ai
bugfix #277,pre_ai
added feature #307,pre_ai
removed unused code #59,pre_ai
Merge branch 'main' #423,pre_ai
initial commit #183,pre_ai
v1.0 #41,pre_ai
fix bug #39,pre_ai
update code #397,pre_ai
changes #192,pre_ai
wip #267,pre_ai
stuff #494,pre_ai
fixed issue #147,pre_ai
updated file #395,pre_ai
minor fix #333,pre_ai
cleanup #127,pre_ai
bugfix #46,pre_ai
added feature #45,pre_ai
removed unused code #1,pre_ai
Merge branch 'main' #168,pre_ai
initial commit #108,pre_ai
v1.0 #19,pre_ai
fix bug #332,pre_ai
update code #72,pre_ai
changes #456,pre_ai
wip #445,pre_ai
stuff #109,pre_ai
fixed issue #268,pre_ai
updated file #445,pre_ai
minor fix #240,pre_ai
cleanup #417,pre_ai
bugfix #301,pre_ai
added feature #90,pre_ai
removed unused code #103,pre_ai
Merge branch 'main' #476,pre_ai
initial commit #250,pre_ai
v1.0 #453,pre_ai
fix bug #8,pre_ai
update code #153,pre_ai
changes #347,pre_ai
wip #174,pre_ai
stuff #343,pre_ai
fixed issue #158,pre_ai
updated file #493,pre_ai
minor fix #431,pre_ai
cleanup #215,pre_ai
bugfix #177,pre_ai
added feature #175,pre_ai
removed unused code #340,pre_ai
Merge branch 'main' #338,pre_ai
initial commit #146,pre_ai
v1.0 #450,pre_ai
fix bug #324,pre_ai
update code #478,pre_ai
changes #161,pre_ai
wip #127,pre_ai
stuff #420,pre_ai
fixed issue #82,pre_ai
updated file #485,pre_ai
minor fix #147,pre_ai
cleanup #239,pre_ai
bugfix #412,pre_ai
added feature #424,pre_ai
removed unused code #84,pre_ai
Merge branch 'main' #113,pre_ai
initial commit #225,pre_ai
v1.0 #332,pre_ai
fix bug #378,pre_ai
update code #243,pre_ai
changes #143,pre_ai
wip #41,pre_ai
stuff #423,pre_ai
fixed issue #258,pre_ai
updated file #447,pre_ai
minor fix #285,pre_ai
cleanup #105,pre_ai
bugfix #202,pre_ai
added feature #450,pre_ai
removed unused code #307,pre_ai
Merge branch 'main' #331,pre_ai
initial commit #461,pre_ai
v1.0 #266,pre_ai
fix bug #398,pre_ai
update code #210,pre_ai
changes #51,pre_ai
wip #118,pre_ai
stuff #201,pre_ai
fixed issue #377,pre_ai
updated file #39,pre_ai
minor fix #28,pre_ai
cleanup #259,pre_ai
bugfix #84,pre_ai
added feature #454,pre_ai
removed unused code #155,pre_ai
Merge branch 'main' #117,pre_ai
initial commit #2,pre_ai
v1.0 #93,pre_ai
fix bug #166,pre_ai
update code #387,pre_ai
changes #400,pre_ai
wip #350,pre_ai
stuff #296,pre_ai
fixed issue #258,pre_ai
updated file #81,pre_ai
minor fix #425,pre_ai
cleanup #268,pre_ai
bugfix #419,pre_ai
added feature #235,pre_ai
removed unused code #321,pre_ai
Merge branch 'main' #311,pre_ai
initial commit #301,pre_ai
v1.0 #463,pre_ai
fix bug #474,pre_ai
update code #357,pre_ai
changes #213,pre_ai
wip #62,pre_ai
stuff #49,pre_ai
fixed issue #127,pre_ai
updated file #223,pre_ai
minor fix #409,pre_ai
cleanup #279,pre_ai
bugfix #408,pre_ai
added feature #294,pre_ai
removed unused code #284,pre_ai
Merge branch 'main' #277,pre_ai
initial commit #438,pre_ai
v1.0 #107,pre_ai
fix bug #146,pre_ai
update code #420,pre_ai
changes #99,pre_ai
wip #429,pre_ai
stuff #375,pre_ai
fixed issue #73,pre_ai
updated file #437,pre_ai
minor fix #486,pre_ai
cleanup #122,pre_ai
bugfix #30,pre_ai
added feature #188,pre_ai
removed unused code #364,pre_ai
Merge branch 'main' #354,pre_ai
initial commit #288,pre_ai
v1.0 #451,pre_ai
fix bug #195,pre_ai
update code #156,pre_ai
changes #172,pre_ai
wip #335,pre_ai
stuff #41,pre_ai
fixed issue #63,pre_ai
updated file #23,pre_ai
minor fix #360,pre_ai
cleanup #75,pre_ai
bugfix #48,pre_ai
added feature #160,pre_ai
removed unused code #313,pre_ai
Merge branch 'main' #118,pre_ai
initial commit #100,pre_ai
v1.0 #380,pre_ai
fix bug #417,pre_ai
update code #408,pre_ai
changes #167,pre_ai
wip #290,pre_ai
stuff #440,pre_ai
fixed issue #156,pre_ai
updated file #421,pre_ai
minor fix #7,pre_ai
cleanup #196,pre_ai
bugfix #421,pre_ai
added feature #56,pre_ai
removed unused code #321,pre_ai
Merge branch 'main' #193,pre_ai
initial commit #47,pre_ai
v1.0 #148,pre_ai
fix bug #275,pre_ai
update code #157,pre_ai
changes #202,pre_ai
wip #444,pre_ai
stuff #402,pre_ai
fixed issue #476,pre_ai
updated file #419,pre_ai
minor fix #427,pre_ai
cleanup #495,pre_ai
bugfix #479,pre_ai
added feature #475,pre_ai
removed unused code #126,pre_ai
Merge branch 'main' #395,pre_ai
initial commit #305,pre_ai
v1.0 #369,pre_ai
fix bug #294,pre_ai
update code #64,pre_ai
changes #325,pre_ai
wip #392,pre_ai
stuff #418,pre_ai
fixed issue #176,pre_ai
updated file #116,pre_ai
minor fix #440,pre_ai
cleanup #204,pre_ai
bugfix #486,pre_ai
added feature #321,pre_ai
removed unused code #31,pre_ai
Merge branch 'main' #388,pre_ai
initial commit #113,pre_ai
v1.0 #365,pre_ai
fix bug #434,pre_ai
update code #325,pre_ai
changes #414,pre_ai
wip #376,pre_ai
stuff #344,pre_ai
fixed issue #443,pre_ai
updated file #67,pre_ai
minor fix #75,pre_ai
cleanup #45,pre_ai
bugfix #260,pre_ai
added feature #154,pre_ai
removed unused code #155,pre_ai
Merge branch 'main' #430,pre_ai
initial commit #363,pre_ai
v1.0 #448,pre_ai
fix bug #475,pre_ai
update code #234,pre_ai
changes #51,pre_ai
wip #306,pre_ai
stuff #262,pre_ai
fixed issue #315,pre_ai
updated file #125,pre_ai
minor fix #399,pre_ai
cleanup #245,pre_ai
bugfix #30,pre_ai
added feature #426,pre_ai
removed unused code #485,pre_ai
Merge branch 'main' #122,pre_ai
initial commit #125,pre_ai
v1.0 #37,pre_ai
fix bug #170,pre_ai
update code #124,pre_ai
changes #357,pre_ai
wip #35,pre_ai
stuff #87,pre_ai
fixed issue #134,pre_ai
updated file #196,pre_ai
minor fix #274,pre_ai
cleanup #201,pre_ai
bugfix #369,pre_ai
added feature #285,pre_ai
removed unused code #77,pre_ai
Merge branch 'main' #59,pre_ai
initial commit #431,pre_ai
v1.0 #126,pre_ai
fix bug #401,pre_ai
update code #109,pre_ai
changes #224,pre_ai
wip #496,pre_ai
stuff #278,pre_ai
fixed issue #68,pre_ai
updated file #69,pre_ai
minor fix #165,pre_ai
cleanup #489,pre_ai
bugfix #305,pre_ai
added feature #397,pre_ai
removed unused code #162,pre_ai
Merge branch 'main' #365,pre_ai
initial commit #342,pre_ai
v1.0 #309,pre_ai
fix bug #379,pre_ai
update code #343,pre_ai
changes #435,pre_ai
wip #387,pre_ai
stuff #42,pre_ai
fixed issue #354,pre_ai
updated file #416,pre_ai
minor fix #109,pre_ai
cleanup #51,pre_ai
bugfix #250,pre_ai
added feature #497,pre_ai
removed unused code #341,pre_ai
Merge branch 'main' #430,pre_ai
initial commit #383,pre_ai
v1.0 #492,pre_ai
fix bug #21,pre_ai
update code #300,pre_ai
changes #139,pre_ai
wip #359,pre_ai
stuff #324,pre_ai
fixed issue #499,pre_ai
updated file #385,pre_ai
minor fix #92,pre_ai
cleanup #447,pre_ai
bugfix #280,pre_ai
added feature #125,pre_ai
removed unused code #483,pre_ai
Merge branch 'main' #397,pre_ai
initial commit #111,pre_ai
v1.0 #354,pre_ai
fix bug #139,pre_ai
update code #484,pre_ai
changes #435,pre_ai
wip #273,pre_ai
stuff #99,pre_ai
fixed issue #252,pre_ai
updated file #338,pre_ai
minor fix #104,pre_ai
cleanup #214,pre_ai
bugfix #249,pre_ai
added feature #152,pre_ai
removed unused code #250,pre_ai
Merge branch 'main' #275,pre_ai
initial commit #165,pre_ai
v1.0 #487,pre_ai
fix bug #341,pre_ai
update code #8,pre_ai
changes #284,pre_ai
wip #5,pre_ai
stuff #145,pre_ai
fixed issue #101,pre_ai
updated file #164,pre_ai
minor fix #374,pre_ai
cleanup #147,pre_ai
bugfix #64,pre_ai
added feature #91,pre_ai
removed unused code #117,pre_ai
Merge branch 'main' #354,pre_ai
initial commit #267,pre_ai
v1.0 #310,pre_ai
fix bug #173,pre_ai
update code #47,pre_ai
changes #140,pre_ai
wip #246,pre_ai
stuff #149,pre_ai
fixed issue #246,pre_ai
updated file #395,pre_ai
minor fix #487,pre_ai
cleanup #476,pre_ai
bugfix #5,pre_ai
added feature #465,pre_ai
removed unused code #184,pre_ai
Merge branch 'main' #20,pre_ai
initial commit #425,pre_ai
v1.0 #46,pre_ai
fix bug #12,pre_ai
update code #70,pre_ai
changes #17,pre_ai
wip #371,pre_ai
stuff #147,pre_ai
fixed issue #154,pre_ai
updated file #304,pre_ai
minor fix #108,pre_ai
cleanup #236,pre_ai
bugfix #308,pre_ai
added feature #352,pre_ai
removed unused code #70,pre_ai
Merge branch 'main' #183,pre_ai
initial commit #250,pre_ai
v1.0 #228,pre_ai
fix bug #102,pre_ai
update code #75,pre_ai
changes #417,pre_ai
wip #446,pre_ai
stuff #216,pre_ai
fixed issue #407,pre_ai
updated file #399,pre_ai
minor fix #411,pre_ai
cleanup #203,pre_ai
bugfix #192,pre_ai
added feature #249,pre_ai
removed unused code #499,pre_ai
Merge branch 'main' #242,pre_ai
initial commit #465,pre_ai
v1.0 #179,pre_ai
fix bug #437,pre_ai
update code #462,pre_ai
changes #219,pre_ai
wip #82,pre_ai
stuff #92,pre_ai
fixed issue #435,pre_ai
updated file #175,pre_ai
minor fix #239,pre_ai
cleanup #260,pre_ai
bugfix #391,pre_ai
added feature #365,pre_ai
removed unused code #163,pre_ai
Merge branch 'main' #48,pre_ai
initial commit #329,pre_ai
v1.0 #328,pre_ai
fix bug #116,pre_ai
update code #429,pre_ai
changes #337,pre_ai
wip #337,pre_ai
stuff #369,pre_ai
fixed issue #225,pre_ai
updated file #352,pre_ai
minor fix #328,pre_ai
cleanup #147,pre_ai
bugfix #63,pre_ai
added feature #294,pre_ai
removed unused code #323,pre_ai
Merge branch 'main' #443,pre_ai
initial commit #325,pre_ai
v1.0 #13,pre_ai
fix bug #431,pre_ai
update code #494,pre_ai
changes #189,pre_ai
wip #287,pre_ai
stuff #208,pre_ai
fixed issue #114,pre_ai
updated file #480,pre_ai
minor fix #22,pre_ai
cleanup #349,pre_ai
bugfix #214,pre_ai
added feature #171,pre_ai
removed unused code #323,pre_ai
Merge branch 'main' #54,pre_ai
initial commit #394,pre_ai
v1.0 #298,pre_ai
fix bug #320,pre_ai
update code #126,pre_ai
changes #277,pre_ai
wip #464,pre_ai
stuff #204,pre_ai
fixed issue #194,pre_ai
updated file #169,pre_ai
minor fix #152,pre_ai
cleanup #35,pre_ai
bugfix #184,pre_ai
added feature #286,pre_ai
removed unused code #57,pre_ai
Merge branch 'main' #222,pre_ai
initial commit #303,pre_ai
v1.0 #163,pre_ai
fix bug #19,pre_ai
update code #370,pre_ai
changes #264,pre_ai
wip #282,pre_ai
stuff #113,pre_ai
fixed issue #488,pre_ai
updated file #327,pre_ai
minor fix #30,pre_ai
cleanup #135,pre_ai
bugfix #67,pre_ai
added feature #65,pre_ai
removed unused code #292,pre_ai
Merge branch 'main' #25,pre_ai
initial commit #37,pre_ai
v1.0 #1,pre_ai
fix bug #399,pre_ai
update code #37,pre_ai
changes #141,pre_ai
wip #232,pre_ai
stuff #136,pre_ai
fixed issue #389,pre_ai
updated file #188,pre_ai
minor fix #128,pre_ai
cleanup #201,pre_ai
bugfix #127,pre_ai
added feature #257,pre_ai
removed unused code #164,pre_ai
Merge branch 'main' #35,pre_ai
initial commit #194,pre_ai
v1.0 #191,pre_ai
fix bug #104,pre_ai
update code #23,pre_ai
changes #265,pre_ai
wip #290,pre_ai
stuff #430,pre_ai
fixed issue #462,pre_ai
updated file #384,pre_ai
minor fix #260,pre_ai
cleanup #414,pre_ai
bugfix #479,pre_ai
added feature #358,pre_ai
removed unused code #75,pre_ai
Merge branch 'main' #355,pre_ai
initial commit #72,pre_ai
v1.0 #259,pre_ai
fix bug #398,pre_ai
update code #188,pre_ai
changes #461,pre_ai
wip #173,pre_ai
stuff #480,pre_ai
fixed issue #290,pre_ai
updated file #45,pre_ai
minor fix #61,pre_ai
cleanup #83,pre_ai
bugfix #123,pre_ai
added feature #358,pre_ai
removed unused code #16,pre_ai
Merge branch 'main' #66,pre_ai
initial commit #424,pre_ai
v1.0 #145,pre_ai
fix bug #375,pre_ai
update code #162,pre_ai
changes #234,pre_ai
wip #380,pre_ai
stuff #144,pre_ai
fixed issue #358,pre_ai
updated file #188,pre_ai
minor fix #322,pre_ai
cleanup #450,pre_ai
bugfix #474,pre_ai
added feature #13,pre_ai
removed unused code #184,pre_ai
Merge branch 'main' #111,pre_ai
initial commit #415,pre_ai
v1.0 #290,pre_ai
fix bug #295,pre_ai
update code #451,pre_ai
changes #392,pre_ai
wip #215,pre_ai
stuff #462,pre_ai
fixed issue #120,pre_ai
updated file #382,pre_ai
minor fix #55,pre_ai
cleanup #27,pre_ai
bugfix #118,pre_ai
added feature #221,pre_ai
removed unused code #231,pre_ai
Merge branch 'main' #53,pre_ai
initial commit #295,pre_ai
v1.0 #321,pre_ai
fix bug #401,pre_ai
update code #233,pre_ai
changes #158,pre_ai
wip #437,pre_ai
stuff #269,pre_ai
fixed issue #21,pre_ai
updated file #403,pre_ai
minor fix #53,pre_ai
cleanup #275,pre_ai
bugfix #313,pre_ai
added feature #281,pre_ai
removed unused code #214,pre_ai
Merge branch 'main' #31,pre_ai
initial commit #337,pre_ai
v1.0 #183,pre_ai
fix bug #23,pre_ai
update code #32,pre_ai
changes #446,pre_ai
wip #74,pre_ai
stuff #10,pre_ai
fixed issue #484,pre_ai
updated file #456,pre_ai
minor fix #54,pre_ai
cleanup #52,pre_ai
bugfix #148,pre_ai
added feature #160,pre_ai
removed unused code #370,pre_ai
Merge branch 'main' #14,pre_ai
initial commit #178,pre_ai
v1.0 #412,pre_ai
fix bug #366,pre_ai
update code #53,pre_ai
changes #408,pre_ai
wip #335,pre_ai
stuff #22,pre_ai
fixed issue #30,pre_ai
updated file #191,pre_ai
minor fix #260,pre_ai
cleanup #205,pre_ai
bugfix #59,pre_ai
added feature #471,pre_ai
removed unused code #264,pre_ai
Merge branch 'main' #466,pre_ai
initial commit #12,pre_ai
v1.0 #119,pre_ai
fix bug #415,pre_ai
update code #462,pre_ai
changes #290,pre_ai
wip #338,pre_ai
stuff #248,pre_ai
fixed issue #354,pre_ai
updated file #127,pre_ai
minor fix #75,pre_ai
cleanup #361,pre_ai
bugfix #204,pre_ai
added feature #49,pre_ai
removed unused code #79,pre_ai
Merge branch 'main' #441,pre_ai
initial commit #479,pre_ai
v1.0 #241,pre_ai
fix bug #349,pre_ai
update code #154,pre_ai
changes #274,pre_ai
wip #96,pre_ai
stuff #214,pre_ai
fixed issue #294,pre_ai
updated file #209,pre_ai
minor fix #343,pre_ai
cleanup #88,pre_ai
bugfix #306,pre_ai
added feature #264,pre_ai
removed unused code #425,pre_ai
Merge branch 'main' #390,pre_ai
initial commit #325,pre_ai
v1.0 #428,pre_ai
fix bug #377,pre_ai
update code #320,pre_ai
changes #157,pre_ai
wip #156,pre_ai
stuff #139,pre_ai
fixed issue #121,pre_ai
updated file #65,pre_ai
minor fix #107,pre_ai
cleanup #147,pre_ai
bugfix #137,pre_ai
added feature #411,pre_ai
removed unused code #162,pre_ai
Merge branch 'main' #428,pre_ai
initial commit #452,pre_ai
v1.0 #100,pre_ai
fix bug #338,pre_ai
update code #399,pre_ai
changes #307,pre_ai
wip #141,pre_ai
stuff #83,pre_ai
fixed issue #177,pre_ai
updated file #198,pre_ai
minor fix #112,pre_ai
cleanup #56,pre_ai
bugfix #460,pre_ai
added feature #179,pre_ai
removed unused code #421,pre_ai
Merge branch 'main' #401,pre_ai
initial commit #186,pre_ai
v1.0 #471,pre_ai
fix bug #218,pre_ai
update code #413,pre_ai
changes #417,pre_ai
wip #316,pre_ai
stuff #475,pre_ai
fixed issue #217,pre_ai
updated file #120,pre_ai
minor fix #439,pre_ai
cleanup #394,pre_ai
bugfix #175,pre_ai
added feature #23,pre_ai
removed unused code #213,pre_ai
Merge branch 'main' #405,pre_ai
initial commit #235,pre_ai
v1.0 #13,pre_ai
fix bug #101,pre_ai
update code #417,pre_ai
changes #24,pre_ai
wip #364,pre_ai
stuff #11,pre_ai
fixed issue #273,pre_ai
updated file #452,pre_ai
minor fix #431,pre_ai
cleanup #281,pre_ai
bugfix #94,pre_ai
added feature #201,pre_ai
removed unused code #21,pre_ai
Merge branch 'main' #340,pre_ai
initial commit #467,pre_ai
v1.0 #211,pre_ai
fix bug #140,pre_ai
update code #293,pre_ai
changes #298,pre_ai
wip #401,pre_ai
stuff #101,pre_ai
fixed issue #304,pre_ai
updated file #359,pre_ai
minor fix #28,pre_ai
cleanup #41,pre_ai
bugfix #355,pre_ai
added feature #303,pre_ai
removed unused code #496,pre_ai
Merge branch 'main' #146,pre_ai
initial commit #256,pre_ai
v1.0 #462,pre_ai
fix bug #227,pre_ai
update code #236,pre_ai
changes #361,pre_ai
wip #380,pre_ai
stuff #455,pre_ai
fixed issue #489,pre_ai
updated file #13,pre_ai
minor fix #210,pre_ai
cleanup #229,pre_ai
bugfix #397,pre_ai
added feature #100,pre_ai
removed unused code #31,pre_ai
Merge branch 'main' #386,pre_ai
initial commit #16,pre_ai
v1.0 #137,pre_ai
fix bug #329,pre_ai
update code #166,pre_ai
changes #459,pre_ai
wip #310,pre_ai
stuff #440,pre_ai
fixed issue #470,pre_ai
updated file #481,pre_ai
minor fix #100,pre_ai
cleanup #109,pre_ai
bugfix #343,pre_ai
added feature #173,pre_ai
removed unused code #237,pre_ai
Merge branch 'main' #162,pre_ai
initial commit #393,pre_ai
v1.0 #216,pre_ai
fix bug #264,pre_ai
update code #263,pre_ai
changes #292,pre_ai
wip #274,pre_ai
stuff #3,pre_ai
fixed issue #28,pre_ai
updated file #326,pre_ai
minor fix #492,pre_ai
cleanup #428,pre_ai
bugfix #149,pre_ai
added feature #28,pre_ai
removed unused code #488,pre_ai
Merge branch 'main' #310,pre_ai
initial commit #438,pre_ai
v1.0 #65,pre_ai
fix bug #356,pre_ai
update code #21,pre_ai
changes #252,pre_ai
wip #235,pre_ai
stuff #227,pre_ai
fixed issue #13,pre_ai
updated file #313,pre_ai
minor fix #49,pre_ai
cleanup #118,pre_ai
bugfix #54,pre_ai
added feature #138,pre_ai
removed unused code #53,pre_ai
Merge branch 'main' #44,pre_ai
initial commit #303,pre_ai
v1.0 #53,pre_ai
fix bug #74,pre_ai
update code #46,pre_ai
changes #13,pre_ai
wip #165,pre_ai
stuff #102,pre_ai
fixed issue #280,pre_ai
updated file #258,pre_ai
minor fix #470,pre_ai
cleanup #337,pre_ai
bugfix #356,pre_ai
added feature #398,pre_ai
removed unused code #138,pre_ai
Merge branch 'main' #163,pre_ai
initial commit #409,pre_ai
v1.0 #387,pre_ai
fix bug #111,pre_ai
update code #102,pre_ai
changes #17,pre_ai
wip #268,pre_ai
stuff #182,pre_ai
fixed issue #372,pre_ai
updated file #24,pre_ai
minor fix #29,pre_ai
cleanup #171,pre_ai
bugfix #409,pre_ai
added feature #228,pre_ai
removed unused code #378,pre_ai
Merge branch 'main' #188,pre_ai
initial commit #346,pre_ai
v1.0 #230,pre_ai
fix bug #321,pre_ai
update code #340,pre_ai
changes #119,pre_ai
wip #156,pre_ai
stuff #272,pre_ai
fixed issue #175,pre_ai
updated file #465,pre_ai
minor fix #104,pre_ai
cleanup #92,pre_ai
bugfix #186,pre_ai
added feature #460,pre_ai
removed unused code #283,pre_ai
Merge branch 'main' #181,pre_ai
initial commit #170,pre_ai
v1.0 #187,pre_ai
fix bug #175,pre_ai
update code #222,pre_ai
changes #233,pre_ai
wip #162,pre_ai
stuff #421,pre_ai
fixed issue #134,pre_ai
updated file #391,pre_ai
minor fix #480,pre_ai
cleanup #224,pre_ai
bugfix #153,pre_ai
added feature #33,pre_ai
removed unused code #55,pre_ai
Merge branch 'main' #442,pre_ai
initial commit #7,pre_ai
v1.0 #244,pre_ai
fix bug #313,pre_ai
update code #126,pre_ai
changes #12,pre_ai
wip #16,pre_ai
stuff #208,pre_ai
fixed issue #43,pre_ai
updated file #373,pre_ai
minor fix #484,pre_ai
cleanup #461,pre_ai
bugfix #135,pre_ai
added feature #228,pre_ai
removed unused code #111,pre_ai
Merge branch 'main' #307,pre_ai
initial commit #457,pre_ai
v1.0 #160,pre_ai
fix bug #331,pre_ai
update code #264,pre_ai
changes #225,pre_ai
wip #471,pre_ai
stuff #217,pre_ai
fixed issue #456,pre_ai
updated file #45,pre_ai
minor fix #214,pre_ai
cleanup #59,pre_ai
bugfix #132,pre_ai
added feature #104,pre_ai
removed unused code #195,pre_ai
Merge branch 'main' #413,pre_ai
initial commit #489,pre_ai
v1.0 #157,pre_ai
fix bug #98,pre_ai
update code #226,pre_ai
changes #412,pre_ai
wip #205,pre_ai
stuff #79,pre_ai
fixed issue #124,pre_ai
updated file #471,pre_ai
minor fix #428,pre_ai
cleanup #218,pre_ai
bugfix #4,pre_ai
added feature #90,pre_ai
removed unused code #104,pre_ai
Merge branch 'main' #393,pre_ai
initial commit #119,pre_ai
v1.0 #133,pre_ai
fix bug #312,pre_ai
update code #96,pre_ai
changes #468,pre_ai
wip #434,pre_ai
stuff #331,pre_ai
fixed issue #143,pre_ai
updated file #288,pre_ai
minor fix #28,pre_ai
cleanup #278,pre_ai
bugfix #233,pre_ai
added feature #17,pre_ai
removed unused code #59,pre_ai
Merge branch 'main' #90,pre_ai
initial commit #492,pre_ai
v1.0 #199,pre_ai
fix bug #362,pre_ai
update code #441,pre_ai
changes #26,pre_ai
wip #25,pre_ai
stuff #394,pre_ai
fixed issue #301,pre_ai
updated file #339,pre_ai
minor fix #267,pre_ai
cleanup #461,pre_ai
bugfix #181,pre_ai
added feature #456,pre_ai
removed unused code #360,pre_ai
Merge branch 'main' #68,pre_ai
initial commit #495,pre_ai
v1.0 #351,pre_ai
fix bug #412,pre_ai
update code #459,pre_ai
changes #491,pre_ai
wip #321,pre_ai
stuff #49,pre_ai
fixed issue #175,pre_ai
updated file #52,pre_ai
minor fix #102,pre_ai
cleanup #216,pre_ai
bugfix #438,pre_ai
added feature #188,pre_ai
removed unused code #57,pre_ai
Merge branch 'main' #47,pre_ai
initial commit #159,pre_ai
v1.0 #489,pre_ai
fix bug #174,pre_ai
update code #242,pre_ai
changes #282,pre_ai
wip #241,pre_ai
stuff #370,pre_ai
fixed issue #5,pre_ai
updated file #84,pre_ai
minor fix #308,pre_ai
cleanup #361,pre_ai
bugfix #459,pre_ai
added feature #248,pre_ai
removed unused code #54,pre_ai
Merge branch 'main' #161,pre_ai
initial commit #434,pre_ai
v1.0 #422,pre_ai
fix bug #411,pre_ai
update code #226,pre_ai
changes #15,pre_ai
wip #224,pre_ai
stuff #61,pre_ai
fixed issue #122,pre_ai
updated file #277,pre_ai
minor fix #46,pre_ai
cleanup #453,pre_ai
bugfix #390,pre_ai
added feature #294,pre_ai
removed unused code #62,pre_ai
Merge branch 'main' #86,pre_ai
initial commit #446,pre_ai
v1.0 #210,pre_ai
fix bug #78,pre_ai
update code #202,pre_ai
changes #302,pre_ai
wip #397,pre_ai
stuff #223,pre_ai
fixed issue #222,pre_ai
updated file #3,pre_ai
minor fix #478,pre_ai
cleanup #6,pre_ai
bugfix #93,pre_ai
added feature #8,pre_ai
removed unused code #428,pre_ai
Merge branch 'main' #493,pre_ai
initial commit #235,pre_ai
v1.0 #108,pre_ai
fix bug #161,pre_ai
update code #209,pre_ai
changes #240,pre_ai
wip #331,pre_ai
stuff #333,pre_ai
fixed issue #50,pre_ai
updated file #11,pre_ai
minor fix #351,pre_ai
cleanup #156,pre_ai
bugfix #492,pre_ai
added feature #70,pre_ai
removed unused code #169,pre_ai
Merge branch 'main' #272,pre_ai
initial commit #68,pre_ai
v1.0 #355,pre_ai
fix bug #252,pre_ai
update code #48,pre_ai
changes #184,pre_ai
wip #320,pre_ai
stuff #187,pre_ai
fixed issue #90,pre_ai
updated file #446,pre_ai
minor fix #332,pre_ai
cleanup #139,pre_ai
bugfix #357,pre_ai
added feature #89,pre_ai
removed unused code #274,pre_ai
Merge branch 'main' #19,pre_ai
initial commit #471,pre_ai
v1.0 #311,pre_ai
fix bug #358,pre_ai
update code #374,pre_ai
changes #466,pre_ai
wip #154,pre_ai
stuff #390,pre_ai
fixed issue #260,pre_ai
updated file #108,pre_ai
minor fix #371,pre_ai
cleanup #285,pre_ai
bugfix #59,pre_ai
added feature #125,pre_ai
removed unused code #354,pre_ai
Merge branch 'main' #273,pre_ai
initial commit #107,pre_ai
v1.0 #299,pre_ai
fix bug #245,pre_ai
update code #336,pre_ai
changes #450,pre_ai
wip #418,pre_ai
stuff #247,pre_ai
fixed issue #8,pre_ai
updated file #141,pre_ai
minor fix #362,pre_ai
cleanup #8,pre_ai
bugfix #478,pre_ai
added feature #352,pre_ai
removed unused code #484,pre_ai
Merge branch 'main' #495,pre_ai
initial commit #94,pre_ai
v1.0 #321,pre_ai
fix bug #427,pre_ai
update code #39,pre_ai
changes #81,pre_ai
wip #187,pre_ai
stuff #84,pre_ai
fixed issue #88,pre_ai
updated file #242,pre_ai
minor fix #342,pre_ai
cleanup #93,pre_ai
bugfix #86,pre_ai
added feature #44,pre_ai
removed unused code #137,pre_ai
Merge branch 'main' #421,pre_ai
initial commit #74,pre_ai
v1.0 #36,pre_ai
fix bug #101,pre_ai
update code #476,pre_ai
changes #156,pre_ai
wip #426,pre_ai
stuff #255,pre_ai
fixed issue #171,pre_ai
updated file #469,pre_ai
minor fix #216,pre_ai
cleanup #170,pre_ai
bugfix #252,pre_ai
added feature #360,pre_ai
removed unused code #322,pre_ai
Merge branch 'main' #55,pre_ai
initial commit #456,pre_ai
v1.0 #432,pre_ai
fix bug #91,pre_ai
update code #278,pre_ai
changes #101,pre_ai
wip #155,pre_ai
stuff #377,pre_ai
fixed issue #349,pre_ai
updated file #451,pre_ai
minor fix #364,pre_ai
cleanup #141,pre_ai
bugfix #173,pre_ai
added feature #10,pre_ai
removed unused code #228,pre_ai
Merge branch 'main' #265,pre_ai
initial commit #438,pre_ai
v1.0 #248,pre_ai
fix bug #247,pre_ai
update code #155,pre_ai
changes #34,pre_ai
wip #499,pre_ai
stuff #129,pre_ai
fixed issue #160,pre_ai
updated file #89,pre_ai
minor fix #93,pre_ai
cleanup #327,pre_ai
bugfix #241,pre_ai
added feature #323,pre_ai
removed unused code #468,pre_ai
Merge branch 'main' #404,pre_ai
initial commit #117,pre_ai
v1.0 #94,pre_ai
fix bug #163,pre_ai
update code #99,pre_ai
changes #113,pre_ai
wip #359,pre_ai
stuff #91,pre_ai
fixed issue #346,pre_ai
updated file #206,pre_ai
minor fix #17,pre_ai
cleanup #274,pre_ai
bugfix #173,pre_ai
added feature #116,pre_ai
removed unused code #349,pre_ai
Merge branch 'main' #468,pre_ai
initial commit #181,pre_ai
v1.0 #91,pre_ai
fix bug #82,pre_ai
update code #324,pre_ai
changes #449,pre_ai
wip #114,pre_ai
stuff #257,pre_ai
fixed issue #58,pre_ai
updated file #154,pre_ai
minor fix #365,pre_ai
cleanup #404,pre_ai
bugfix #116,pre_ai
added feature #343,pre_ai
removed unused code #266,pre_ai
Merge branch 'main' #315,pre_ai
initial commit #203,pre_ai
v1.0 #41,pre_ai
fix bug #105,pre_ai
update code #389,pre_ai
changes #378,pre_ai
wip #193,pre_ai
stuff #401,pre_ai
fixed issue #278,pre_ai
updated file #354,pre_ai
minor fix #237,pre_ai
cleanup #425,pre_ai
bugfix #221,pre_ai
added feature #68,pre_ai
removed unused code #197,pre_ai
Merge branch 'main' #256,pre_ai
initial commit #139,pre_ai
v1.0 #312,pre_ai
fix bug #435,pre_ai
update code #149,pre_ai
changes #99,pre_ai
wip #76,pre_ai
stuff #282,pre_ai
fixed issue #371,pre_ai
updated file #403,pre_ai
minor fix #109,pre_ai
cleanup #188,pre_ai
bugfix #199,pre_ai
added feature #303,pre_ai
removed unused code #327,pre_ai
Merge branch 'main' #154,pre_ai
initial commit #40,pre_ai
v1.0 #133,pre_ai
fix bug #405,pre_ai
update code #462,pre_ai
changes #132,pre_ai
wip #279,pre_ai
stuff #362,pre_ai
fixed issue #84,pre_ai
updated file #399,pre_ai
minor fix #242,pre_ai
cleanup #116,pre_ai
bugfix #109,pre_ai
added feature #221,pre_ai
removed unused code #392,pre_ai
Merge branch 'main' #41,pre_ai
initial commit #368,pre_ai
v1.0 #147,pre_ai
fix bug #112,pre_ai
update code #103,pre_ai
changes #46,pre_ai
wip #412,pre_ai
stuff #494,pre_ai
fixed issue #475,pre_ai
updated file #324,pre_ai
minor fix #378,pre_ai
cleanup #271,pre_ai
bugfix #483,pre_ai
added feature #421,pre_ai
removed unused code #385,pre_ai
Merge branch 'main' #195,pre_ai
initial commit #367,pre_ai
v1.0 #280,pre_ai
fix bug #283,pre_ai
update code #40,pre_ai
changes #447,pre_ai
wip #189,pre_ai
stuff #164,pre_ai
fixed issue #482,pre_ai
updated file #477,pre_ai
minor fix #24,pre_ai
cleanup #24,pre_ai
bugfix #490,pre_ai
added feature #4,pre_ai
removed unused code #323,pre_ai
Merge branch 'main' #290,pre_ai
initial commit #441,pre_ai
v1.0 #433,pre_ai
fix bug #471,pre_ai
update code #181,pre_ai
changes #248,pre_ai
wip #116,pre_ai
stuff #279,pre_ai
fixed issue #365,pre_ai
updated file #69,pre_ai
minor fix #351,pre_ai
cleanup #254,pre_ai
bugfix #181,pre_ai
added feature #318,pre_ai
removed unused code #169,pre_ai
Merge branch 'main' #313,pre_ai
initial commit #249,pre_ai
v1.0 #188,pre_ai
fix bug #54,pre_ai
update code #326,pre_ai
changes #357,pre_ai
wip #313,pre_ai
stuff #138,pre_ai
fixed issue #168,pre_ai
updated file #391,pre_ai
minor fix #103,pre_ai
cleanup #422,pre_ai
bugfix #85,pre_ai
added feature #317,pre_ai
removed unused code #212,pre_ai
Merge branch 'main' #3,pre_ai
initial commit #384,pre_ai
v1.0 #179,pre_ai
fix bug #342,pre_ai
update code #303,pre_ai
changes #452,pre_ai
wip #476,pre_ai
stuff #332,pre_ai
fixed issue #38,pre_ai
updated file #499,pre_ai
minor fix #420,pre_ai
cleanup #239,pre_ai
bugfix #169,pre_ai
added feature #453,pre_ai
removed unused code #397,pre_ai
Merge branch 'main' #343,pre_ai
initial commit #314,pre_ai
v1.0 #306,pre_ai
fix bug #30,pre_ai
update code #190,pre_ai
changes #357,pre_ai
wip #25,pre_ai
stuff #112,pre_ai
fixed issue #411,pre_ai
updated file #435,pre_ai
minor fix #206,pre_ai
cleanup #185,pre_ai
bugfix #382,pre_ai
added feature #496,pre_ai
removed unused code #379,pre_ai
Merge branch 'main' #47,pre_ai
initial commit #374,pre_ai
v1.0 #228,pre_ai
fix bug #39,pre_ai
update code #16,pre_ai
changes #22,pre_ai
wip #213,pre_ai
stuff #310,pre_ai
fixed issue #149,pre_ai
updated file #456,pre_ai
minor fix #241,pre_ai
cleanup #272,pre_ai
bugfix #59,pre_ai
added feature #287,pre_ai
removed unused code #426,pre_ai
Merge branch 'main' #202,pre_ai
initial commit #32,pre_ai
v1.0 #443,pre_ai
fix bug #162,pre_ai
update code #255,pre_ai
changes #254,pre_ai
wip #9,pre_ai
stuff #465,pre_ai
fixed issue #139,pre_ai
updated file #480,pre_ai
minor fix #10,pre_ai
cleanup #214,pre_ai
bugfix #273,pre_ai
added feature #324,pre_ai
removed unused code #48,pre_ai
Merge branch 'main' #436,pre_ai
initial commit #111,pre_ai
v1.0 #153,pre_ai
fix bug #123,pre_ai
update code #405,pre_ai
changes #357,pre_ai
wip #102,pre_ai
stuff #241,pre_ai
fixed issue #321,pre_ai
updated file #191,pre_ai
minor fix #217,pre_ai
cleanup #51,pre_ai
bugfix #292,pre_ai
added feature #81,pre_ai
removed unused code #489,pre_ai
Merge branch 'main' #383,pre_ai
initial commit #88,pre_ai
v1.0 #194,pre_ai
fix bug #104,pre_ai
update code #271,pre_ai
changes #96,pre_ai
wip #423,pre_ai
stuff #379,pre_ai
fixed issue #198,pre_ai
updated file #1,pre_ai
minor fix #495,pre_ai
cleanup #407,pre_ai
bugfix #378,pre_ai
added feature #167,pre_ai
removed unused code #126,pre_ai
Merge branch 'main' #313,pre_ai
initial commit #81,pre_ai
v1.0 #418,pre_ai
fix bug #251,pre_ai
update code #169,pre_ai
changes #477,pre_ai
wip #73,pre_ai
stuff #141,pre_ai
fixed issue #70,pre_ai
updated file #262,pre_ai
minor fix #340,pre_ai
cleanup #308,pre_ai
bugfix #245,pre_ai
added feature #3,pre_ai
removed unused code #337,pre_ai
Merge branch 'main' #63,pre_ai
initial commit #49,pre_ai
v1.0 #76,pre_ai
fix bug #368,pre_ai
update code #175,pre_ai
changes #109,pre_ai
wip #183,pre_ai
stuff #192,pre_ai
fixed issue #65,pre_ai
updated file #337,pre_ai
minor fix #451,pre_ai
cleanup #474,pre_ai
bugfix #271,pre_ai
added feature #100,pre_ai
removed unused code #32,pre_ai
Merge branch 'main' #352,pre_ai
initial commit #128,pre_ai
v1.0 #452,pre_ai
fix bug #402,pre_ai
update code #369,pre_ai
changes #339,pre_ai
wip #43,pre_ai
stuff #372,pre_ai
fixed issue #419,pre_ai
updated file #488,pre_ai
minor fix #78,pre_ai
cleanup #314,pre_ai
bugfix #289,pre_ai
added feature #270,pre_ai
removed unused code #162,pre_ai
Merge branch 'main' #189,pre_ai
initial commit #247,pre_ai
v1.0 #388,pre_ai
fix bug #216,pre_ai
update code #315,pre_ai
changes #413,pre_ai
wip #339,pre_ai
stuff #390,pre_ai
fixed issue #377,pre_ai
updated file #481,pre_ai
minor fix #433,pre_ai
cleanup #168,pre_ai
bugfix #339,pre_ai
added feature #193,pre_ai
removed unused code #453,pre_ai
Merge branch 'main' #283,pre_ai
initial commit #336,pre_ai
v1.0 #390,pre_ai
fix bug #488,pre_ai
update code #13,pre_ai
changes #240,pre_ai
wip #320,pre_ai
stuff #446,pre_ai
fixed issue #483,pre_ai
updated file #147,pre_ai
minor fix #204,pre_ai
cleanup #80,pre_ai
bugfix #379,pre_ai
added feature #43,pre_ai
removed unused code #458,pre_ai
Merge branch 'main' #89,pre_ai
initial commit #148,pre_ai
v1.0 #95,pre_ai
fix bug #452,pre_ai
update code #428,pre_ai
changes #151,pre_ai
wip #2,pre_ai
stuff #376,pre_ai
fixed issue #22,pre_ai
updated file #371,pre_ai
minor fix #313,pre_ai
cleanup #485,pre_ai
bugfix #328,pre_ai
added feature #7,pre_ai
removed unused code #206,pre_ai
Merge branch 'main' #440,pre_ai
initial commit #375,pre_ai
v1.0 #451,pre_ai
fix bug #114,pre_ai
update code #272,pre_ai
changes #83,pre_ai
wip #179,pre_ai
stuff #210,pre_ai
fixed issue #464,pre_ai
updated file #328,pre_ai
minor fix #124,pre_ai
cleanup #481,pre_ai
bugfix #113,pre_ai
added feature #12,pre_ai
removed unused code #126,pre_ai
Merge branch 'main' #53,pre_ai
initial commit #331,pre_ai
v1.0 #389,pre_ai
fix bug #283,pre_ai
update code #140,pre_ai
changes #401,pre_ai
wip #390,pre_ai
stuff #97,pre_ai
fixed issue #5,pre_ai
updated file #57,pre_ai
minor fix #412,pre_ai
cleanup #334,pre_ai
bugfix #69,pre_ai
added feature #118,pre_ai
removed unused code #376,pre_ai
Merge branch 'main' #59,pre_ai
initial commit #33,pre_ai
v1.0 #318,pre_ai
fix bug #50,pre_ai
update code #368,pre_ai
changes #489,pre_ai
wip #19,pre_ai
stuff #214,pre_ai
fixed issue #197,pre_ai
updated file #379,pre_ai
minor fix #450,pre_ai
cleanup #478,pre_ai
bugfix #47,pre_ai
added feature #167,pre_ai
removed unused code #452,pre_ai
Merge branch 'main' #289,pre_ai
initial commit #141,pre_ai
v1.0 #84,pre_ai
fix bug #182,pre_ai
update code #391,pre_ai
changes #79,pre_ai
wip #215,pre_ai
stuff #14,pre_ai
fixed issue #215,pre_ai
updated file #403,pre_ai
minor fix #128,pre_ai
cleanup #310,pre_ai
bugfix #477,pre_ai
added feature #248,pre_ai
removed unused code #404,pre_ai
Merge branch 'main' #29,pre_ai
initial commit #280,pre_ai
v1.0 #338,pre_ai
fix bug #319,pre_ai
update code #202,pre_ai
changes #361,pre_ai
wip #57,pre_ai
stuff #392,pre_ai
fixed issue #218,pre_ai
updated file #62,pre_ai
minor fix #157,pre_ai
cleanup #202,pre_ai
bugfix #17,pre_ai
added feature #322,pre_ai
removed unused code #6,pre_ai
Merge branch 'main' #58,pre_ai
initial commit #325,pre_ai
v1.0 #412,pre_ai
fix bug #318,pre_ai
update code #169,pre_ai
changes #453,pre_ai
wip #82,pre_ai
stuff #474,pre_ai
fixed issue #468,pre_ai
updated file #425,pre_ai
minor fix #433,pre_ai
cleanup #219,pre_ai
bugfix #177,pre_ai
added feature #204,pre_ai
removed unused code #71,pre_ai
Merge branch 'main' #387,pre_ai
initial commit #266,pre_ai
v1.0 #98,pre_ai
fix bug #345,pre_ai
update code #291,pre_ai
changes #208,pre_ai
wip #2,pre_ai
stuff #124,pre_ai
fixed issue #280,pre_ai
updated file #74,pre_ai
minor fix #166,pre_ai
cleanup #22,pre_ai
bugfix #154,pre_ai
added feature #427,pre_ai
removed unused code #439,pre_ai
Merge branch 'main' #295,pre_ai
initial commit #219,pre_ai
v1.0 #157,pre_ai
fix bug #495,pre_ai
update code #230,pre_ai
changes #20,pre_ai
wip #475,pre_ai
stuff #41,pre_ai
fixed issue #438,pre_ai
updated file #148,pre_ai
minor fix #108,pre_ai
cleanup #403,pre_ai
bugfix #84,pre_ai
added feature #483,pre_ai
removed unused code #367,pre_ai
Merge branch 'main' #322,pre_ai
initial commit #414,pre_ai
v1.0 #309,pre_ai
fix bug #290,pre_ai
update code #406,pre_ai
changes #323,pre_ai
wip #134,pre_ai
stuff #207,pre_ai
fixed issue #283,pre_ai
updated file #266,pre_ai
minor fix #73,pre_ai
cleanup #481,pre_ai
bugfix #352,pre_ai
added feature #48,pre_ai
removed unused code #326,pre_ai
Merge branch 'main' #233,pre_ai
initial commit #443,pre_ai
v1.0 #100,pre_ai
fix bug #59,pre_ai
update code #258,pre_ai
changes #413,pre_ai
wip #452,pre_ai
stuff #65,pre_ai
fixed issue #83,pre_ai
updated file #154,pre_ai
minor fix #473,pre_ai
cleanup #266,pre_ai
bugfix #309,pre_ai
added feature #79,pre_ai
removed unused code #315,pre_ai
Merge branch 'main' #150,pre_ai
initial commit #435,pre_ai
v1.0 #48,pre_ai
fix bug #405,pre_ai
update code #379,pre_ai
changes #248,pre_ai
wip #278,pre_ai
stuff #356,pre_ai
fixed issue #98,pre_ai
updated file #414,pre_ai
minor fix #25,pre_ai
cleanup #493,pre_ai
bugfix #284,pre_ai
added feature #449,pre_ai
removed unused code #369,pre_ai
Merge branch 'main' #301,pre_ai
initial commit #68,pre_ai
v1.0 #7,pre_ai
fix bug #305,pre_ai
update code #137,pre_ai
changes #164,pre_ai
wip #83,pre_ai
stuff #385,pre_ai
fixed issue #138,pre_ai
updated file #420,pre_ai
minor fix #73,pre_ai
cleanup #237,pre_ai
bugfix #46,pre_ai
added feature #106,pre_ai
removed unused code #416,pre_ai
Merge branch 'main' #288,pre_ai
initial commit #262,pre_ai
v1.0 #176,pre_ai
fix bug #166,pre_ai
update code #145,pre_ai
changes #330,pre_ai
wip #370,pre_ai
stuff #283,pre_ai
fixed issue #54,pre_ai
updated file #178,pre_ai
minor fix #419,pre_ai
cleanup #244,pre_ai
bugfix #341,pre_ai
added feature #127,pre_ai
removed unused code #409,pre_ai
Merge branch 'main' #412,pre_ai
initial commit #367,pre_ai
v1.0 #271,pre_ai
fix bug #132,pre_ai
update code #93,pre_ai
changes #379,pre_ai
wip #73,pre_ai
stuff #411,pre_ai
fixed issue #410,pre_ai
updated file #403,pre_ai
minor fix #248,pre_ai
cleanup #348,pre_ai
bugfix #273,pre_ai
added feature #43,pre_ai
removed unused code #377,pre_ai
Merge branch 'main' #41,pre_ai
initial commit #170,pre_ai
v1.0 #434,pre_ai
fix bug #212,pre_ai
update code #493,pre_ai
changes #168,pre_ai
wip #39,pre_ai
stuff #369,pre_ai
fixed issue #245,pre_ai
updated file #151,pre_ai
minor fix #111,pre_ai
cleanup #480,pre_ai
bugfix #436,pre_ai
added feature #47,pre_ai
removed unused code #63,pre_ai
Merge branch 'main' #225,pre_ai
initial commit #366,pre_ai
v1.0 #69,pre_ai
fix bug #299,pre_ai
update code #432,pre_ai
changes #290,pre_ai
wip #296,pre_ai
stuff #203,pre_ai
fixed issue #61,pre_ai
updated file #434,pre_ai
minor fix #451,pre_ai
cleanup #318,pre_ai
bugfix #314,pre_ai
added feature #161,pre_ai
removed unused code #331,pre_ai
Merge branch 'main' #16,pre_ai
initial commit #338,pre_ai
v1.0 #94,pre_ai
fix bug #304,pre_ai
update code #138,pre_ai
changes #338,pre_ai
wip #38,pre_ai
stuff #127,pre_ai
fixed issue #275,pre_ai
updated file #164,pre_ai
minor fix #443,pre_ai
cleanup #319,pre_ai
bugfix #77,pre_ai
added feature #174,pre_ai
removed unused code #387,pre_ai
Merge branch 'main' #458,pre_ai
initial commit #358,pre_ai
v1.0 #321,pre_ai
fix bug #376,pre_ai
update code #91,pre_ai
changes #238,pre_ai
wip #264,pre_ai
stuff #179,pre_ai
fixed issue #494,pre_ai
updated file #490,pre_ai
minor fix #209,pre_ai
cleanup #73,pre_ai
bugfix #390,pre_ai
added feature #107,pre_ai
removed unused code #345,pre_ai
Merge branch 'main' #295,pre_ai
initial commit #369,pre_ai
v1.0 #444,pre_ai
fix bug #284,pre_ai
update code #353,pre_ai
changes #182,pre_ai
wip #37,pre_ai
stuff #137,pre_ai
fixed issue #338,pre_ai
updated file #56,pre_ai
minor fix #187,pre_ai
cleanup #341,pre_ai
bugfix #258,pre_ai
added feature #445,pre_ai
removed unused code #58,pre_ai
Merge branch 'main' #363,pre_ai
initial commit #123,pre_ai
v1.0 #188,pre_ai
fix bug #230,pre_ai
update code #168,pre_ai
changes #420,pre_ai
wip #114,pre_ai
stuff #252,pre_ai
fixed issue #107,pre_ai
updated file #37,pre_ai
minor fix #335,pre_ai
cleanup #92,pre_ai
bugfix #18,pre_ai
added feature #354,pre_ai
removed unused code #63,pre_ai
Merge branch 'main' #150,pre_ai
initial commit #139,pre_ai
v1.0 #186,pre_ai
fix bug #185,pre_ai
update code #205,pre_ai
changes #260,pre_ai
wip #214,pre_ai
stuff #256,pre_ai
fixed issue #135,pre_ai
updated file #61,pre_ai
minor fix #363,pre_ai
cleanup #310,pre_ai
bugfix #88,pre_ai
added feature #324,pre_ai
removed unused code #476,pre_ai
Merge branch 'main' #207,pre_ai
initial commit #129,pre_ai
v1.0 #311,pre_ai
fix bug #3,pre_ai
update code #462,pre_ai
changes #422,pre_ai
wip #242,pre_ai
stuff #121,pre_ai
fixed issue #385,pre_ai
updated file #102,pre_ai
minor fix #38,pre_ai
cleanup #341,pre_ai
bugfix #496,pre_ai
added feature #413,pre_ai
removed unused code #133,pre_ai
Merge branch 'main' #497,pre_ai
initial commit #202,pre_ai
v1.0 #348,pre_ai
fix bug #21,pre_ai
update code #242,pre_ai
changes #455,pre_ai
wip #451,pre_ai
stuff #109,pre_ai
fixed issue #303,pre_ai
updated file #84,pre_ai
minor fix #83,pre_ai
cleanup #291,pre_ai
bugfix #452,pre_ai
added feature #69,pre_ai
removed unused code #129,pre_ai
Merge branch 'main' #196,pre_ai
initial commit #140,pre_ai
v1.0 #444,pre_ai
fix bug #283,pre_ai
update code #312,pre_ai
changes #234,pre_ai
wip #23,pre_ai
stuff #153,pre_ai
fixed issue #277,pre_ai
updated file #61,pre_ai
minor fix #319,pre_ai
cleanup #378,pre_ai
bugfix #52,pre_ai
added feature #344,pre_ai
removed unused code #153,pre_ai
Merge branch 'main' #237,pre_ai
initial commit #311,pre_ai
v1.0 #302,pre_ai
fix bug #32,pre_ai
update code #55,pre_ai
changes #352,pre_ai
wip #389,pre_ai
stuff #36,pre_ai
fixed issue #110,pre_ai
updated file #490,pre_ai
minor fix #177,pre_ai
cleanup #362,pre_ai
bugfix #314,pre_ai
added feature #295,pre_ai
removed unused code #336,pre_ai
Merge branch 'main' #97,pre_ai
initial commit #369,pre_ai
v1.0 #213,pre_ai
fix bug #317,pre_ai
update code #137,pre_ai
changes #6,pre_ai
wip #499,pre_ai
stuff #109,pre_ai
fixed issue #35,pre_ai
updated file #39,pre_ai
minor fix #150,pre_ai
cleanup #425,pre_ai
bugfix #118,pre_ai
added feature #261,pre_ai
removed unused code #426,pre_ai
Merge branch 'main' #87,pre_ai
initial commit #465,pre_ai
v1.0 #76,pre_ai
fix bug #471,pre_ai
update code #464,pre_ai
changes #451,pre_ai
wip #414,pre_ai
stuff #313,pre_ai
fixed issue #383,pre_ai
updated file #214,pre_ai
minor fix #457,pre_ai
cleanup #285,pre_ai
bugfix #239,pre_ai
added feature #165,pre_ai
removed unused code #87,pre_ai
Merge branch 'main' #141,pre_ai
initial commit #160,pre_ai
v1.0 #46,pre_ai
fix bug #372,pre_ai
update code #495,pre_ai
changes #112,pre_ai
wip #407,pre_ai
stuff #45,pre_ai
fixed issue #401,pre_ai
updated file #247,pre_ai
minor fix #104,pre_ai
cleanup #85,pre_ai
bugfix #450,pre_ai
added feature #485,pre_ai
removed unused code #134,pre_ai
Merge branch 'main' #108,pre_ai
initial commit #18,pre_ai
v1.0 #94,pre_ai
fix bug #150,pre_ai
update code #246,pre_ai
changes #289,pre_ai
wip #414,pre_ai
stuff #209,pre_ai
fixed issue #126,pre_ai
updated file #235,pre_ai
minor fix #416,pre_ai
cleanup #426,pre_ai
bugfix #499,pre_ai
added feature #462,pre_ai
removed unused code #122,pre_ai
Merge branch 'main' #138,pre_ai
initial commit #495,pre_ai
v1.0 #115,pre_ai
fix bug #420,pre_ai
update code #162,pre_ai
changes #201,pre_ai
wip #234,pre_ai
stuff #28,pre_ai
fixed issue #11,pre_ai
updated file #206,pre_ai
minor fix #167,pre_ai
cleanup #247,pre_ai
bugfix #47,pre_ai
added feature #246,pre_ai
removed unused code #127,pre_ai
Merge branch 'main' #147,pre_ai
initial commit #118,pre_ai
v1.0 #399,pre_ai
fix bug #382,pre_ai
update code #412,pre_ai
changes #152,pre_ai
wip #72,pre_ai
stuff #363,pre_ai
fixed issue #137,pre_ai
updated file #175,pre_ai
minor fix #289,pre_ai
cleanup #446,pre_ai
bugfix #481,pre_ai
added feature #19,pre_ai
removed unused code #195,pre_ai
Merge branch 'main' #330,pre_ai
initial commit #424,pre_ai
v1.0 #175,pre_ai
fix bug #490,pre_ai
update code #449,pre_ai
changes #413,pre_ai
wip #434,pre_ai
stuff #354,pre_ai
fixed issue #499,pre_ai
updated file #141,pre_ai
minor fix #246,pre_ai
cleanup #385,pre_ai
bugfix #418,pre_ai
added feature #93,pre_ai
removed unused code #432,pre_ai
Merge branch 'main' #239,pre_ai
initial commit #205,pre_ai
v1.0 #48,pre_ai
fix bug #433,pre_ai
update code #245,pre_ai
changes #320,pre_ai
wip #317,pre_ai
stuff #413,pre_ai
fixed issue #295,pre_ai
updated file #128,pre_ai
minor fix #344,pre_ai
cleanup #282,pre_ai
bugfix #17,pre_ai
added feature #71,pre_ai
removed unused code #269,pre_ai
Merge branch 'main' #325,pre_ai
initial commit #282,pre_ai
v1.0 #305,pre_ai
fix bug #451,pre_ai
update code #7,pre_ai
changes #314,pre_ai
wip #305,pre_ai
stuff #103,pre_ai
fixed issue #309,pre_ai
updated file #193,pre_ai
minor fix #241,pre_ai
cleanup #62,pre_ai
bugfix #17,pre_ai
added feature #171,pre_ai
removed unused code #25,pre_ai
Merge branch 'main' #251,pre_ai
initial commit #253,pre_ai
v1.0 #387,pre_ai
fix bug #207,pre_ai
update code #29,pre_ai
changes #117,pre_ai
wip #491,pre_ai
stuff #416,pre_ai
fixed issue #282,pre_ai
updated file #380,pre_ai
minor fix #144,pre_ai
cleanup #25,pre_ai
bugfix #310,pre_ai
added feature #156,pre_ai
removed unused code #73,pre_ai
Merge branch 'main' #120,pre_ai
initial commit #312,pre_ai
v1.0 #321,pre_ai
fix bug #93,pre_ai
update code #86,pre_ai
changes #336,pre_ai
wip #425,pre_ai
stuff #499,pre_ai
fixed issue #364,pre_ai
updated file #435,pre_ai
minor fix #118,pre_ai
cleanup #233,pre_ai
bugfix #199,pre_ai
added feature #206,pre_ai
removed unused code #413,pre_ai
Merge branch 'main' #339,pre_ai
initial commit #147,pre_ai
v1.0 #450,pre_ai
fix bug #425,pre_ai
update code #429,pre_ai
changes #271,pre_ai
wip #387,pre_ai
stuff #139,pre_ai
fixed issue #181,pre_ai
updated file #430,pre_ai
minor fix #30,pre_ai
cleanup #57,pre_ai
bugfix #232,pre_ai
added feature #146,pre_ai
removed unused code #435,pre_ai
Merge branch 'main' #384,pre_ai
initial commit #48,pre_ai
v1.0 #194,pre_ai
fix bug #224,pre_ai
update code #136,pre_ai
changes #22,pre_ai
wip #6,pre_ai
stuff #204,pre_ai
fixed issue #239,pre_ai
updated file #185,pre_ai
minor fix #360,pre_ai
cleanup #292,pre_ai
bugfix #335,pre_ai
added feature #220,pre_ai
removed unused code #116,pre_ai
Merge branch 'main' #313,pre_ai
initial commit #49,pre_ai
v1.0 #173,pre_ai
fix bug #82,pre_ai
update code #322,pre_ai
changes #333,pre_ai
wip #45,pre_ai
stuff #335,pre_ai
fixed issue #20,pre_ai
updated file #448,pre_ai
minor fix #221,pre_ai
cleanup #123,pre_ai
bugfix #234,pre_ai
added feature #221,pre_ai
removed unused code #323,pre_ai
Merge branch 'main' #339,pre_ai
initial commit #3,pre_ai
v1.0 #182,pre_ai
fix bug #206,pre_ai
update code #320,pre_ai
changes #40,pre_ai
wip #59,pre_ai
stuff #439,pre_ai
fixed issue #62,pre_ai
updated file #132,pre_ai
minor fix #60,pre_ai
cleanup #372,pre_ai
bugfix #331,pre_ai
added feature #122,pre_ai
removed unused code #479,pre_ai
Merge branch 'main' #107,pre_ai
initial commit #96,pre_ai
v1.0 #347,pre_ai
fix bug #414,pre_ai
update code #235,pre_ai
changes #386,pre_ai
wip #62,pre_ai
stuff #256,pre_ai
fixed issue #49,pre_ai
updated file #393,pre_ai
minor fix #348,pre_ai
cleanup #159,pre_ai
bugfix #124,pre_ai
added feature #482,pre_ai
removed unused code #317,pre_ai
Merge branch 'main' #207,pre_ai
initial commit #48,pre_ai
v1.0 #409,pre_ai
fix bug #420,pre_ai
update code #136,pre_ai
changes #201,pre_ai
wip #250,pre_ai
stuff #314,pre_ai
fixed issue #357,pre_ai
updated file #368,pre_ai
minor fix #429,pre_ai
cleanup #318,pre_ai
bugfix #295,pre_ai
added feature #480,pre_ai
removed unused code #314,pre_ai
Merge branch 'main' #209,pre_ai
initial commit #355,pre_ai
v1.0 #485,pre_ai
fix bug #211,pre_ai
update code #192,pre_ai
changes #44,pre_ai
wip #29,pre_ai
stuff #59,pre_ai
fixed issue #71,pre_ai
updated file #92,pre_ai
minor fix #265,pre_ai
cleanup #383,pre_ai
bugfix #220,pre_ai
added feature #390,pre_ai
removed unused code #413,pre_ai
Merge branch 'main' #442,pre_ai
initial commit #401,pre_ai
v1.0 #400,pre_ai
fix bug #215,pre_ai
update code #479,pre_ai
changes #387,pre_ai
wip #277,pre_ai
stuff #64,pre_ai
fixed issue #346,pre_ai
updated file #292,pre_ai
minor fix #490,pre_ai
cleanup #485,pre_ai
bugfix #245,pre_ai
added feature #470,pre_ai
removed unused code #62,pre_ai
Merge branch 'main' #426,pre_ai
initial commit #332,pre_ai
v1.0 #170,pre_ai
fix bug #445,pre_ai
update code #269,pre_ai
changes #267,pre_ai
wip #54,pre_ai
stuff #16,pre_ai
fixed issue #8,pre_ai
updated file #104,pre_ai
minor fix #59,pre_ai
cleanup #313,pre_ai
bugfix #40,pre_ai
added feature #237,pre_ai
removed unused code #443,pre_ai
Merge branch 'main' #386,pre_ai
initial commit #94,pre_ai
v1.0 #222,pre_ai
fix bug #204,pre_ai
update code #138,pre_ai
changes #300,pre_ai
wip #395,pre_ai
stuff #207,pre_ai
fixed issue #336,pre_ai
updated file #81,pre_ai
minor fix #218,pre_ai
cleanup #2,pre_ai
bugfix #178,pre_ai
added feature #396,pre_ai
removed unused code #371,pre_ai
Merge branch 'main' #346,pre_ai
initial commit #279,pre_ai
v1.0 #146,pre_ai
fix bug #318,pre_ai
update code #224,pre_ai
changes #369,pre_ai
wip #384,pre_ai
stuff #62,pre_ai
fixed issue #294,pre_ai
updated file #239,pre_ai
minor fix #195,pre_ai
cleanup #166,pre_ai
bugfix #451,pre_ai
added feature #222,pre_ai
removed unused code #61,pre_ai
Merge branch 'main' #129,pre_ai
initial commit #478,pre_ai
v1.0 #173,pre_ai
fix bug #480,pre_ai
update code #156,pre_ai
changes #405,pre_ai
wip #378,pre_ai
stuff #110,pre_ai
fixed issue #269,pre_ai
updated file #411,pre_ai
minor fix #356,pre_ai
cleanup #391,pre_ai
bugfix #278,pre_ai
added feature #74,pre_ai
removed unused code #487,pre_ai
Merge branch 'main' #437,pre_ai
initial commit #463,pre_ai
v1.0 #207,pre_ai
fix bug #388,pre_ai
update code #480,pre_ai
changes #279,pre_ai
wip #375,pre_ai
stuff #326,pre_ai
fixed issue #472,pre_ai
updated file #340,pre_ai
minor fix #357,pre_ai
cleanup #340,pre_ai
bugfix #204,pre_ai
added feature #161,pre_ai
removed unused code #28,pre_ai
Merge branch 'main' #392,pre_ai
initial commit #257,pre_ai
v1.0 #165,pre_ai
fix bug #63,pre_ai
update code #22,pre_ai
changes #70,pre_ai
wip #381,pre_ai
stuff #405,pre_ai
fixed issue #96,pre_ai
updated file #163,pre_ai
minor fix #79,pre_ai
cleanup #5,pre_ai
bugfix #316,pre_ai
added feature #120,pre_ai
removed unused code #302,pre_ai
Merge branch 'main' #178,pre_ai
initial commit #176,pre_ai
v1.0 #390,pre_ai
fix bug #217,pre_ai
update code #56,pre_ai
changes #366,pre_ai
wip #187,pre_ai
stuff #232,pre_ai
fixed issue #255,pre_ai
updated file #413,pre_ai
minor fix #455,pre_ai
cleanup #104,pre_ai
bugfix #77,pre_ai
added feature #230,pre_ai
removed unused code #402,pre_ai
Merge branch 'main' #258,pre_ai
initial commit #264,pre_ai
v1.0 #331,pre_ai
fix bug #481,pre_ai
update code #182,pre_ai
changes #381,pre_ai
wip #256,pre_ai
stuff #38,pre_ai
fixed issue #176,pre_ai
updated file #27,pre_ai
minor fix #276,pre_ai
cleanup #140,pre_ai
bugfix #299,pre_ai
added feature #445,pre_ai
removed unused code #287,pre_ai
Merge branch 'main' #91,pre_ai
initial commit #480,pre_ai
v1.0 #61,pre_ai
fix bug #458,pre_ai
update code #451,pre_ai
changes #365,pre_ai
wip #347,pre_ai
stuff #163,pre_ai
fixed issue #351,pre_ai
updated file #143,pre_ai
minor fix #400,pre_ai
cleanup #253,pre_ai
bugfix #269,pre_ai
added feature #369,pre_ai
removed unused code #291,pre_ai
Merge branch 'main' #459,pre_ai
initial commit #187,pre_ai
v1.0 #405,pre_ai
fix bug #499,pre_ai
update code #438,pre_ai
changes #459,pre_ai
wip #414,pre_ai
stuff #304,pre_ai
fixed issue #291,pre_ai
updated file #86,pre_ai
minor fix #166,pre_ai
cleanup #415,pre_ai
bugfix #462,pre_ai
added feature #408,pre_ai
removed unused code #114,pre_ai
Merge branch 'main' #433,pre_ai
initial commit #480,pre_ai
v1.0 #356,pre_ai
fix bug #416,pre_ai
update code #183,pre_ai
changes #207,pre_ai
wip #256,pre_ai
stuff #235,pre_ai
fixed issue #442,pre_ai
updated file #355,pre_ai
minor fix #3,pre_ai
cleanup #208,pre_ai
bugfix #197,pre_ai
added feature #341,pre_ai
removed unused code #125,pre_ai
Merge branch 'main' #138,pre_ai
initial commit #339,pre_ai
v1.0 #25,pre_ai
fix bug #68,pre_ai
update code #61,pre_ai
changes #29,pre_ai
wip #383,pre_ai
stuff #19,pre_ai
fixed issue #171,pre_ai
updated file #450,pre_ai
minor fix #74,pre_ai
cleanup #61,pre_ai
bugfix #427,pre_ai
added feature #153,pre_ai
removed unused code #276,pre_ai
Merge branch 'main' #48,pre_ai
initial commit #211,pre_ai
v1.0 #343,pre_ai
fix bug #408,pre_ai
update code #139,pre_ai
changes #110,pre_ai
wip #482,pre_ai
stuff #183,pre_ai
fixed issue #28,pre_ai
updated file #197,pre_ai
minor fix #191,pre_ai
cleanup #315,pre_ai
bugfix #389,pre_ai
added feature #51,pre_ai
removed unused code #149,pre_ai
Merge branch 'main' #268,pre_ai
initial commit #50,pre_ai
v1.0 #388,pre_ai
fix bug #246,pre_ai
update code #113,pre_ai
changes #170,pre_ai
wip #468,pre_ai
stuff #166,pre_ai
fixed issue #409,pre_ai
updated file #14,pre_ai
minor fix #203,pre_ai
cleanup #288,pre_ai
bugfix #395,pre_ai
added feature #189,pre_ai
removed unused code #402,pre_ai
Merge branch 'main' #155,pre_ai
initial commit #55,pre_ai
v1.0 #182,pre_ai
fix bug #210,pre_ai
update code #376,pre_ai
changes #471,pre_ai
wip #75,pre_ai
stuff #277,pre_ai
fixed issue #428,pre_ai
updated file #133,pre_ai
minor fix #343,pre_ai
cleanup #425,pre_ai
bugfix #59,pre_ai
added feature #345,pre_ai
removed unused code #489,pre_ai
Merge branch 'main' #182,pre_ai
initial commit #458,pre_ai
v1.0 #406,pre_ai
fix bug #339,pre_ai
update code #321,pre_ai
changes #64,pre_ai
wip #327,pre_ai
stuff #260,pre_ai
fixed issue #193,pre_ai
updated file #143,pre_ai
minor fix #104,pre_ai
cleanup #460,pre_ai
bugfix #406,pre_ai
added feature #214,pre_ai
removed unused code #242,pre_ai
Merge branch 'main' #431,pre_ai
initial commit #209,pre_ai
v1.0 #93,pre_ai
fix bug #430,pre_ai
update code #142,pre_ai
changes #434,pre_ai
wip #404,pre_ai
stuff #434,pre_ai
fixed issue #112,pre_ai
updated file #417,pre_ai
minor fix #375,pre_ai
cleanup #59,pre_ai
bugfix #43,pre_ai
added feature #207,pre_ai
removed unused code #268,pre_ai
Merge branch 'main' #296,pre_ai
initial commit #118,pre_ai
v1.0 #20,pre_ai
fix bug #222,pre_ai
update code #166,pre_ai
changes #131,pre_ai
wip #156,pre_ai
stuff #184,pre_ai
fixed issue #90,pre_ai
updated file #94,pre_ai
minor fix #13,pre_ai
cleanup #461,pre_ai
bugfix #322,pre_ai
added feature #293,pre_ai
removed unused code #433,pre_ai
Merge branch 'main' #230,pre_ai
initial commit #322,pre_ai
v1.0 #292,pre_ai
fix bug #438,pre_ai
update code #26,pre_ai
changes #75,pre_ai
wip #456,pre_ai
stuff #364,pre_ai
fixed issue #424,pre_ai
updated file #299,pre_ai
minor fix #150,pre_ai
cleanup #148,pre_ai
bugfix #8,pre_ai
added feature #29,pre_ai
removed unused code #296,pre_ai
Merge branch 'main' #474,pre_ai
initial commit #414,pre_ai
v1.0 #209,pre_ai
fix bug #128,pre_ai
update code #340,pre_ai
changes #116,pre_ai
wip #439,pre_ai
stuff #144,pre_ai
fixed issue #430,pre_ai
updated file #318,pre_ai
minor fix #235,pre_ai
cleanup #7,pre_ai
bugfix #464,pre_ai
added feature #45,pre_ai
removed unused code #443,pre_ai
Merge branch 'main' #239,pre_ai
initial commit #440,pre_ai
v1.0 #432,pre_ai
fix bug #155,pre_ai
update code #181,pre_ai
changes #215,pre_ai
wip #88,pre_ai
stuff #256,pre_ai
fixed issue #73,pre_ai
updated file #419,pre_ai
minor fix #179,pre_ai
cleanup #212,pre_ai
bugfix #293,pre_ai
added feature #234,pre_ai
removed unused code #465,pre_ai
Merge branch 'main' #239,pre_ai
initial commit #223,pre_ai
v1.0 #119,pre_ai
fix bug #313,pre_ai
update code #264,pre_ai
changes #207,pre_ai
wip #95,pre_ai
stuff #373,pre_ai
fixed issue #222,pre_ai
updated file #366,pre_ai
minor fix #276,pre_ai
cleanup #380,pre_ai
bugfix #231,pre_ai
added feature #309,pre_ai
removed unused code #119,pre_ai
Merge branch 'main' #268,pre_ai
initial commit #433,pre_ai
v1.0 #273,pre_ai
fix bug #64,pre_ai
update code #298,pre_ai
changes #350,pre_ai
wip #413,pre_ai
stuff #403,pre_ai
fixed issue #494,pre_ai
updated file #11,pre_ai
minor fix #98,pre_ai
cleanup #434,pre_ai
bugfix #71,pre_ai
added feature #364,pre_ai
removed unused code #58,pre_ai
Merge branch 'main' #290,pre_ai
initial commit #251,pre_ai
v1.0 #276,pre_ai
fix bug #50,pre_ai
update code #358,pre_ai
changes #216,pre_ai
wip #394,pre_ai
stuff #416,pre_ai
fixed issue #52,pre_ai
updated file #271,pre_ai
minor fix #485,pre_ai
cleanup #84,pre_ai
bugfix #387,pre_ai
added feature #293,pre_ai
removed unused code #126,pre_ai
Merge branch 'main' #296,pre_ai
initial commit #72,pre_ai
v1.0 #296,pre_ai
fix bug #236,pre_ai
update code #56,pre_ai
changes #407,pre_ai
wip #360,pre_ai
stuff #395,pre_ai
fixed issue #110,pre_ai
updated file #192,pre_ai
minor fix #392,pre_ai
cleanup #93,pre_ai
bugfix #350,pre_ai
added feature #56,pre_ai
removed unused code #60,pre_ai
Merge branch 'main' #138,pre_ai
initial commit #39,pre_ai
v1.0 #28,pre_ai
fix bug #49,pre_ai
update code #420,pre_ai
changes #125,pre_ai
wip #13,pre_ai
stuff #480,pre_ai
fixed issue #36,pre_ai
updated file #101,pre_ai
minor fix #282,pre_ai
cleanup #86,pre_ai
bugfix #4,pre_ai
added feature #223,pre_ai
removed unused code #338,pre_ai
Merge branch 'main' #448,pre_ai
initial commit #166,pre_ai
v1.0 #383,pre_ai
fix bug #344,pre_ai
update code #383,pre_ai
changes #376,pre_ai
wip #471,pre_ai
stuff #278,pre_ai
fixed issue #130,pre_ai
updated file #31,pre_ai
minor fix #375,pre_ai
cleanup #11,pre_ai
bugfix #476,pre_ai
added feature #302,pre_ai
removed unused code #96,pre_ai
Merge branch 'main' #190,pre_ai
initial commit #453,pre_ai
v1.0 #192,pre_ai
fix bug #486,pre_ai
update code #266,pre_ai
changes #424,pre_ai
wip #128,pre_ai
stuff #238,pre_ai
fixed issue #408,pre_ai
updated file #355,pre_ai
minor fix #428,pre_ai
cleanup #112,pre_ai
bugfix #316,pre_ai
added feature #446,pre_ai
removed unused code #343,pre_ai
Merge branch 'main' #145,pre_ai
initial commit #65,pre_ai
v1.0 #247,pre_ai
fix bug #223,pre_ai
update code #479,pre_ai
changes #490,pre_ai
wip #313,pre_ai
stuff #439,pre_ai
fixed issue #106,pre_ai
updated file #181,pre_ai
minor fix #184,pre_ai
cleanup #226,pre_ai
bugfix #265,pre_ai
added feature #278,pre_ai
removed unused code #397,pre_ai
Merge branch 'main' #89,pre_ai
initial commit #176,pre_ai
v1.0 #18,pre_ai
fix bug #371,pre_ai
update code #460,pre_ai
changes #424,pre_ai
wip #401,pre_ai
stuff #399,pre_ai
fixed issue #106,pre_ai
updated file #271,pre_ai
minor fix #463,pre_ai
cleanup #319,pre_ai
bugfix #167,pre_ai
added feature #13,pre_ai
removed unused code #337,pre_ai
Merge branch 'main' #32,pre_ai
initial commit #393,pre_ai
v1.0 #40,pre_ai
fix bug #148,pre_ai
update code #218,pre_ai
changes #219,pre_ai
wip #469,pre_ai
stuff #82,pre_ai
fixed issue #333,pre_ai
updated file #208,pre_ai
minor fix #201,pre_ai
cleanup #447,pre_ai
bugfix #332,pre_ai
added feature #428,pre_ai
removed unused code #38,pre_ai
Merge branch 'main' #211,pre_ai
initial commit #444,pre_ai
v1.0 #327,pre_ai
fix bug #249,pre_ai
update code #227,pre_ai
changes #48,pre_ai
wip #18,pre_ai
stuff #400,pre_ai
fixed issue #439,pre_ai
updated file #295,pre_ai
minor fix #196,pre_ai
cleanup #187,pre_ai
bugfix #345,pre_ai
added feature #224,pre_ai
removed unused code #318,pre_ai
Merge branch 'main' #488,pre_ai
initial commit #397,pre_ai
v1.0 #365,pre_ai
fix bug #337,pre_ai
update code #497,pre_ai
changes #229,pre_ai
wip #390,pre_ai
stuff #467,pre_ai
fixed issue #77,pre_ai
updated file #188,pre_ai
minor fix #346,pre_ai
cleanup #270,pre_ai
bugfix #95,pre_ai
added feature #310,pre_ai
removed unused code #132,pre_ai
Merge branch 'main' #39,pre_ai
initial commit #72,pre_ai
v1.0 #281,pre_ai
fix bug #333,pre_ai
update code #160,pre_ai
changes #187,pre_ai
wip #486,pre_ai
stuff #191,pre_ai
fixed issue #422,pre_ai
updated file #120,pre_ai
minor fix #220,pre_ai
cleanup #53,pre_ai
bugfix #222,pre_ai
added feature #451,pre_ai
removed unused code #412,pre_ai
Merge branch 'main' #131,pre_ai
initial commit #237,pre_ai
v1.0 #246,pre_ai
fix bug #226,pre_ai
update code #208,pre_ai
changes #406,pre_ai
wip #96,pre_ai
stuff #422,pre_ai
fixed issue #200,pre_ai
updated file #247,pre_ai
minor fix #72,pre_ai
cleanup #318,pre_ai
bugfix #185,pre_ai
added feature #6,pre_ai
removed unused code #206,pre_ai
Merge branch 'main' #32,pre_ai
initial commit #99,pre_ai
v1.0 #394,pre_ai
fix bug #387,pre_ai
update code #256,pre_ai
changes #187,pre_ai
wip #76,pre_ai
stuff #177,pre_ai
fixed issue #315,pre_ai
updated file #287,pre_ai
minor fix #349,pre_ai
cleanup #255,pre_ai
bugfix #325,pre_ai
added feature #190,pre_ai
removed unused code #308,pre_ai
Merge branch 'main' #345,pre_ai
initial commit #127,pre_ai
v1.0 #425,pre_ai
fix bug #287,pre_ai
update code #254,pre_ai
changes #213,pre_ai
wip #250,pre_ai
stuff #84,pre_ai
fixed issue #487,pre_ai
updated file #383,pre_ai
minor fix #406,pre_ai
cleanup #388,pre_ai
bugfix #13,pre_ai
added feature #45,pre_ai
removed unused code #127,pre_ai
Merge branch 'main' #426,pre_ai
initial commit #114,pre_ai
v1.0 #433,pre_ai
fix bug #276,pre_ai
update code #205,pre_ai
changes #337,pre_ai
wip #438,pre_ai
stuff #420,pre_ai
fixed issue #481,pre_ai
updated file #385,pre_ai
minor fix #399,pre_ai
cleanup #461,pre_ai
bugfix #273,pre_ai
added feature #408,pre_ai
removed unused code #58,pre_ai
Merge branch 'main' #328,pre_ai
initial commit #498,pre_ai
v1.0 #219,pre_ai
fix bug #109,pre_ai
update code #279,pre_ai
changes #174,pre_ai
wip #328,pre_ai
stuff #264,pre_ai
fixed issue #315,pre_ai
updated file #474,pre_ai
minor fix #111,pre_ai
cleanup #187,pre_ai
bugfix #269,pre_ai
added feature #423,pre_ai
removed unused code #229,pre_ai
Merge branch 'main' #497,pre_ai
initial commit #156,pre_ai
v1.0 #473,pre_ai
fix bug #189,pre_ai
update code #272,pre_ai
changes #375,pre_ai
wip #2,pre_ai
stuff #246,pre_ai
fixed issue #210,pre_ai
updated file #401,pre_ai
minor fix #286,pre_ai
cleanup #359,pre_ai
bugfix #13,pre_ai
added feature #96,pre_ai
removed unused code #498,pre_ai
Merge branch 'main' #221,pre_ai
initial commit #238,pre_ai
v1.0 #94,pre_ai
fix bug #338,pre_ai
update code #269,pre_ai
changes #171,pre_ai
wip #469,pre_ai
stuff #94,pre_ai
fixed issue #149,pre_ai
updated file #112,pre_ai
minor fix #55,pre_ai
cleanup #337,pre_ai
bugfix #424,pre_ai
added feature #467,pre_ai
removed unused code #116,pre_ai
Merge branch 'main' #143,pre_ai
initial commit #201,pre_ai
v1.0 #180,pre_ai
fix bug #202,pre_ai
update code #364,pre_ai
changes #479,pre_ai
wip #53,pre_ai
stuff #471,pre_ai
fixed issue #384,pre_ai
updated file #180,pre_ai
minor fix #414,pre_ai
cleanup #417,pre_ai
bugfix #313,pre_ai
added feature #308,pre_ai
removed unused code #137,pre_ai
Merge branch 'main' #182,pre_ai
initial commit #367,pre_ai
v1.0 #1,pre_ai
fix bug #44,pre_ai
update code #227,pre_ai
changes #331,pre_ai
wip #98,pre_ai
stuff #208,pre_ai
fixed issue #265,pre_ai
updated file #288,pre_ai
minor fix #271,pre_ai
cleanup #140,pre_ai
bugfix #481,pre_ai
added feature #237,pre_ai
removed unused code #462,pre_ai
Merge branch 'main' #441,pre_ai
initial commit #392,pre_ai
v1.0 #72,pre_ai
fix bug #155,pre_ai
update code #190,pre_ai
changes #268,pre_ai
wip #321,pre_ai
stuff #107,pre_ai
fixed issue #232,pre_ai
updated file #42,pre_ai
minor fix #190,pre_ai
cleanup #371,pre_ai
bugfix #139,pre_ai
added feature #103,pre_ai
removed unused code #171,pre_ai
Merge branch 'main' #351,pre_ai
initial commit #273,pre_ai
v1.0 #481,pre_ai
fix bug #416,pre_ai
update code #221,pre_ai
changes #213,pre_ai
wip #341,pre_ai
stuff #424,pre_ai
fixed issue #407,pre_ai
updated file #56,pre_ai
minor fix #390,pre_ai
cleanup #342,pre_ai
bugfix #434,pre_ai
added feature #102,pre_ai
removed unused code #421,pre_ai
Merge branch 'main' #493,pre_ai
initial commit #192,pre_ai
v1.0 #499,pre_ai
fix bug #310,pre_ai
update code #200,pre_ai
changes #233,pre_ai
wip #433,pre_ai
stuff #227,pre_ai
fixed issue #371,pre_ai
updated file #139,pre_ai
minor fix #344,pre_ai
cleanup #305,pre_ai
bugfix #149,pre_ai
added feature #115,pre_ai
removed unused code #450,pre_ai
Merge branch 'main' #63,pre_ai
initial commit #104,pre_ai
v1.0 #339,pre_ai
fix bug #359,pre_ai
update code #156,pre_ai
changes #273,pre_ai
wip #6,pre_ai
stuff #147,pre_ai
fixed issue #184,pre_ai
updated file #486,pre_ai
minor fix #28,pre_ai
cleanup #450,pre_ai
bugfix #38,pre_ai
added feature #119,pre_ai
removed unused code #293,pre_ai
Merge branch 'main' #371,pre_ai
initial commit #244,pre_ai
v1.0 #68,pre_ai
fix bug #214,pre_ai
update code #218,pre_ai
changes #177,pre_ai
wip #299,pre_ai
stuff #164,pre_ai
fixed issue #58,pre_ai
updated file #269,pre_ai
minor fix #308,pre_ai
cleanup #58,pre_ai
bugfix #288,pre_ai
added feature #465,pre_ai
removed unused code #105,pre_ai
Merge branch 'main' #228,pre_ai
initial commit #247,pre_ai
v1.0 #188,pre_ai
fix bug #494,pre_ai
update code #83,pre_ai
changes #186,pre_ai
wip #252,pre_ai
stuff #355,pre_ai
fixed issue #238,pre_ai
updated file #360,pre_ai
minor fix #184,pre_ai
cleanup #284,pre_ai
bugfix #385,pre_ai
added feature #426,pre_ai
removed unused code #210,pre_ai
Merge branch 'main' #304,pre_ai
initial commit #296,pre_ai
v1.0 #97,pre_ai
fix bug #447,pre_ai
update code #460,pre_ai
changes #456,pre_ai
wip #472,pre_ai
stuff #208,pre_ai
fixed issue #370,pre_ai
updated file #388,pre_ai
minor fix #422,pre_ai
cleanup #492,pre_ai
bugfix #411,pre_ai
added feature #137,pre_ai
removed unused code #367,pre_ai
Merge branch 'main' #400,pre_ai
initial commit #184,pre_ai
v1.0 #76,pre_ai
fix bug #287,pre_ai
update code #472,pre_ai
changes #375,pre_ai
wip #142,pre_ai
stuff #237,pre_ai
fixed issue #25,pre_ai
updated file #290,pre_ai
minor fix #67,pre_ai
cleanup #250,pre_ai
bugfix #408,pre_ai
added feature #118,pre_ai
removed unused code #490,pre_ai
Merge branch 'main' #73,pre_ai
initial commit #282,pre_ai
v1.0 #404,pre_ai
fix bug #448,pre_ai
update code #360,pre_ai
changes #10,pre_ai
wip #211,pre_ai
stuff #323,pre_ai
fixed issue #152,pre_ai
updated file #5,pre_ai
minor fix #195,pre_ai
cleanup #442,pre_ai
bugfix #283,pre_ai
added feature #464,pre_ai
removed unused code #113,pre_ai
Merge branch 'main' #271,pre_ai
initial commit #163,pre_ai
v1.0 #460,pre_ai
fix bug #105,pre_ai
update code #181,pre_ai
changes #44,pre_ai
wip #282,pre_ai
stuff #175,pre_ai
fixed issue #162,pre_ai
updated file #471,pre_ai
minor fix #351,pre_ai
cleanup #434,pre_ai
bugfix #340,pre_ai
added feature #140,pre_ai
removed unused code #471,pre_ai
Merge branch 'main' #132,pre_ai
initial commit #87,pre_ai
v1.0 #176,pre_ai
fix bug #183,pre_ai
update code #368,pre_ai
changes #129,pre_ai
wip #246,pre_ai
stuff #89,pre_ai
fixed issue #66,pre_ai
updated file #158,pre_ai
minor fix #387,pre_ai
cleanup #378,pre_ai
bugfix #149,pre_ai
added feature #473,pre_ai
removed unused code #340,pre_ai
Merge branch 'main' #433,pre_ai
initial commit #116,pre_ai
v1.0 #214,pre_ai
fix bug #469,pre_ai
update code #446,pre_ai
changes #481,pre_ai
wip #372,pre_ai
stuff #294,pre_ai
fixed issue #253,pre_ai
updated file #143,pre_ai
minor fix #250,pre_ai
cleanup #366,pre_ai
bugfix #436,pre_ai
added feature #463,pre_ai
removed unused code #302,pre_ai
Merge branch 'main' #25,pre_ai
initial commit #277,pre_ai
v1.0 #472,pre_ai
fix bug #377,pre_ai
update code #378,pre_ai
changes #389,pre_ai
wip #70,pre_ai
stuff #113,pre_ai
fixed issue #363,pre_ai
updated file #112,pre_ai
minor fix #364,pre_ai
cleanup #303,pre_ai
bugfix #471,pre_ai
added feature #452,pre_ai
removed unused code #91,pre_ai
Merge branch 'main' #18,pre_ai
initial commit #149,pre_ai
v1.0 #476,pre_ai
fix bug #227,pre_ai
update code #214,pre_ai
changes #360,pre_ai
wip #151,pre_ai
stuff #192,pre_ai
fixed issue #451,pre_ai
updated file #40,pre_ai
minor fix #242,pre_ai
cleanup #138,pre_ai
bugfix #345,pre_ai
added feature #180,pre_ai
removed unused code #497,pre_ai
Merge branch 'main' #200,pre_ai
initial commit #203,pre_ai
v1.0 #61,pre_ai
fix bug #192,pre_ai
update code #5,pre_ai
changes #378,pre_ai
wip #237,pre_ai
stuff #181,pre_ai
fixed issue #311,pre_ai
updated file #37,pre_ai
minor fix #56,pre_ai
cleanup #443,pre_ai
bugfix #237,pre_ai
added feature #358,pre_ai
removed unused code #349,pre_ai
Merge branch 'main' #197,pre_ai
initial commit #73,pre_ai
v1.0 #59,pre_ai
fix bug #240,pre_ai
update code #2,pre_ai
changes #449,pre_ai
wip #360,pre_ai
stuff #188,pre_ai
fixed issue #307,pre_ai
updated file #30,pre_ai
minor fix #267,pre_ai
cleanup #476,pre_ai
bugfix #108,pre_ai
added feature #332,pre_ai
removed unused code #423,pre_ai
Merge branch 'main' #90,pre_ai
initial commit #205,pre_ai
v1.0 #379,pre_ai
fix bug #456,pre_ai
update code #447,pre_ai
changes #448,pre_ai
wip #445,pre_ai
stuff #381,pre_ai
fixed issue #438,pre_ai
updated file #220,pre_ai
minor fix #378,pre_ai
cleanup #94,pre_ai
bugfix #457,pre_ai
added feature #103,pre_ai
removed unused code #223,pre_ai
Merge branch 'main' #186,pre_ai
initial commit #469,pre_ai
v1.0 #184,pre_ai
fix bug #495,pre_ai
update code #162,pre_ai
changes #247,pre_ai
wip #31,pre_ai
stuff #52,pre_ai
fixed issue #345,pre_ai
updated file #76,pre_ai
minor fix #385,pre_ai
cleanup #439,pre_ai
bugfix #278,pre_ai
added feature #40,pre_ai
removed unused code #101,pre_ai
Merge branch 'main' #111,pre_ai
initial commit #385,pre_ai
v1.0 #321,pre_ai
fix bug #249,pre_ai
update code #191,pre_ai
changes #490,pre_ai
wip #182,pre_ai
stuff #426,pre_ai
fixed issue #405,pre_ai
updated file #335,pre_ai
minor fix #209,pre_ai
cleanup #22,pre_ai
bugfix #166,pre_ai
added feature #99,pre_ai
removed unused code #493,pre_ai
Merge branch 'main' #208,pre_ai
initial commit #8,pre_ai
v1.0 #190,pre_ai
fix bug #175,pre_ai
update code #273,pre_ai
changes #17,pre_ai
wip #90,pre_ai
stuff #141,pre_ai
fixed issue #145,pre_ai
updated file #166,pre_ai
minor fix #337,pre_ai
cleanup #496,pre_ai
bugfix #78,pre_ai
added feature #429,pre_ai
removed unused code #262,pre_ai
Merge branch 'main' #163,pre_ai
initial commit #366,pre_ai
v1.0 #14,pre_ai
fix bug #239,pre_ai
update code #72,pre_ai
changes #445,pre_ai
wip #143,pre_ai
stuff #310,pre_ai
fixed issue #283,pre_ai
updated file #269,pre_ai
minor fix #241,pre_ai
cleanup #415,pre_ai
bugfix #245,pre_ai
added feature #163,pre_ai
removed unused code #60,pre_ai
Merge branch 'main' #6,pre_ai
initial commit #197,pre_ai
v1.0 #470,pre_ai
fix bug #58,pre_ai
update code #305,pre_ai
changes #407,pre_ai
wip #217,pre_ai
stuff #418,pre_ai
fixed issue #26,pre_ai
updated file #303,pre_ai
minor fix #5,pre_ai
cleanup #474,pre_ai
bugfix #20,pre_ai
added feature #390,pre_ai
removed unused code #198,pre_ai
Merge branch 'main' #59,pre_ai
initial commit #448,pre_ai
v1.0 #242,pre_ai
fix bug #146,pre_ai
update code #388,pre_ai
changes #273,pre_ai
wip #249,pre_ai
stuff #14,pre_ai
fixed issue #462,pre_ai
updated file #13,pre_ai
minor fix #391,pre_ai
cleanup #384,pre_ai
bugfix #44,pre_ai
added feature #375,pre_ai
removed unused code #399,pre_ai
Merge branch 'main' #19,pre_ai
initial commit #63,pre_ai
v1.0 #491,pre_ai
fix bug #239,pre_ai
update code #492,pre_ai
changes #419,pre_ai
wip #337,pre_ai
stuff #419,pre_ai
fixed issue #403,pre_ai
updated file #404,pre_ai
minor fix #100,pre_ai
cleanup #163,pre_ai
bugfix #416,pre_ai
added feature #122,pre_ai
removed unused code #432,pre_ai
Merge branch 'main' #44,pre_ai
initial commit #360,pre_ai
v1.0 #408,pre_ai
fix bug #317,pre_ai
update code #381,pre_ai
changes #145,pre_ai
wip #327,pre_ai
stuff #363,pre_ai
fixed issue #50,pre_ai
updated file #65,pre_ai
minor fix #355,pre_ai
cleanup #288,pre_ai
bugfix #164,pre_ai
added feature #141,pre_ai
removed unused code #454,pre_ai
Merge branch 'main' #314,pre_ai
initial commit #128,pre_ai
v1.0 #398,pre_ai
fix bug #421,pre_ai
update code #368,pre_ai
changes #463,pre_ai
wip #239,pre_ai
stuff #324,pre_ai
fixed issue #296,pre_ai
updated file #187,pre_ai
minor fix #208,pre_ai
cleanup #220,pre_ai
bugfix #400,pre_ai
added feature #190,pre_ai
removed unused code #388,pre_ai
Merge branch 'main' #429,pre_ai
initial commit #346,pre_ai
v1.0 #284,pre_ai
fix bug #352,pre_ai
update code #237,pre_ai
changes #194,pre_ai
wip #287,pre_ai
stuff #259,pre_ai
fixed issue #246,pre_ai
updated file #136,pre_ai
minor fix #280,pre_ai
cleanup #271,pre_ai
bugfix #171,pre_ai
added feature #159,pre_ai
removed unused code #201,pre_ai
Merge branch 'main' #487,pre_ai
initial commit #45,pre_ai
v1.0 #450,pre_ai
fix bug #264,pre_ai
update code #71,pre_ai
changes #364,pre_ai
wip #371,pre_ai
stuff #103,pre_ai
fixed issue #490,pre_ai
updated file #125,pre_ai
minor fix #313,pre_ai
cleanup #464,pre_ai
bugfix #483,pre_ai
added feature #286,pre_ai
removed unused code #458,pre_ai
Merge branch 'main' #230,pre_ai
initial commit #146,pre_ai
v1.0 #370,pre_ai
fix bug #197,pre_ai
update code #373,pre_ai
changes #221,pre_ai
wip #423,pre_ai
stuff #60,pre_ai
fixed issue #98,pre_ai
updated file #171,pre_ai
minor fix #382,pre_ai
cleanup #173,pre_ai
bugfix #151,pre_ai
added feature #453,pre_ai
removed unused code #350,pre_ai
Merge branch 'main' #390,pre_ai
initial commit #440,pre_ai
v1.0 #122,pre_ai
fix bug #494,pre_ai
update code #108,pre_ai
changes #4,pre_ai
wip #93,pre_ai
stuff #407,pre_ai
fixed issue #6,pre_ai
updated file #288,pre_ai
minor fix #106,pre_ai
cleanup #146,pre_ai
bugfix #271,pre_ai
added feature #424,pre_ai
removed unused code #378,pre_ai
Merge branch 'main' #96,pre_ai
initial commit #457,pre_ai
v1.0 #229,pre_ai
fix bug #202,pre_ai
update code #212,pre_ai
changes #6,pre_ai
wip #112,pre_ai
stuff #376,pre_ai
fixed issue #379,pre_ai
updated file #447,pre_ai
minor fix #323,pre_ai
cleanup #106,pre_ai
bugfix #139,pre_ai
added feature #299,pre_ai
removed unused code #401,pre_ai
Merge branch 'main' #96,pre_ai
initial commit #388,pre_ai
v1.0 #447,pre_ai
fix bug #452,pre_ai
update code #337,pre_ai
changes #297,pre_ai
wip #467,pre_ai
stuff #389,pre_ai
fixed issue #416,pre_ai
updated file #214,pre_ai
minor fix #454,pre_ai
cleanup #291,pre_ai
bugfix #22,pre_ai
added feature #193,pre_ai
removed unused code #468,pre_ai
Merge branch 'main' #150,pre_ai
initial commit #368,pre_ai
v1.0 #247,pre_ai
fix bug #267,pre_ai
update code #461,pre_ai
changes #251,pre_ai
wip #490,pre_ai
stuff #3,pre_ai
fixed issue #393,pre_ai
updated file #316,pre_ai
minor fix #76,pre_ai
cleanup #87,pre_ai
bugfix #270,pre_ai
added feature #225,pre_ai
removed unused code #18,pre_ai
Merge branch 'main' #113,pre_ai
initial commit #251,pre_ai
v1.0 #233,pre_ai
fix bug #329,pre_ai
update code #279,pre_ai
changes #202,pre_ai
wip #83,pre_ai
stuff #125,pre_ai
fixed issue #175,pre_ai
updated file #69,pre_ai
minor fix #47,pre_ai
cleanup #372,pre_ai
bugfix #256,pre_ai
added feature #215,pre_ai
removed unused code #30,pre_ai
Merge branch 'main' #281,pre_ai
initial commit #412,pre_ai
v1.0 #482,pre_ai
fix bug #237,pre_ai
update code #248,pre_ai
changes #368,pre_ai
wip #495,pre_ai
stuff #25,pre_ai
fixed issue #74,pre_ai
updated file #206,pre_ai
minor fix #490,pre_ai
cleanup #494,pre_ai
bugfix #314,pre_ai
added feature #94,pre_ai
removed unused code #375,pre_ai
Merge branch 'main' #127,pre_ai
initial commit #425,pre_ai
v1.0 #25,pre_ai
fix bug #334,pre_ai
update code #355,pre_ai
changes #116,pre_ai
wip #48,pre_ai
stuff #226,pre_ai
fixed issue #266,pre_ai
updated file #99,pre_ai
minor fix #459,pre_ai
cleanup #11,pre_ai
bugfix #85,pre_ai
added feature #405,pre_ai
removed unused code #214,pre_ai
Merge branch 'main' #173,pre_ai
initial commit #391,pre_ai
v1.0 #209,pre_ai
fix bug #448,pre_ai
update code #382,pre_ai
changes #64,pre_ai
wip #258,pre_ai
stuff #332,pre_ai
fixed issue #121,pre_ai
updated file #298,pre_ai
minor fix #466,pre_ai
cleanup #54,pre_ai
bugfix #331,pre_ai
added feature #272,pre_ai
removed unused code #241,pre_ai
Merge branch 'main' #243,pre_ai
initial commit #18,pre_ai
v1.0 #483,pre_ai
fix bug #187,pre_ai
update code #346,pre_ai
changes #144,pre_ai
wip #262,pre_ai
stuff #441,pre_ai
fixed issue #364,pre_ai
updated file #491,pre_ai
minor fix #431,pre_ai
cleanup #239,pre_ai
bugfix #304,pre_ai
added feature #298,pre_ai
removed unused code #76,pre_ai
Merge branch 'main' #188,pre_ai
initial commit #333,pre_ai
v1.0 #388,pre_ai
fix bug #487,pre_ai
update code #246,pre_ai
changes #130,pre_ai
wip #474,pre_ai
stuff #315,pre_ai
fixed issue #411,pre_ai
updated file #283,pre_ai
minor fix #79,pre_ai
cleanup #72,pre_ai
bugfix #263,pre_ai
added feature #191,pre_ai
removed unused code #367,pre_ai
Merge branch 'main' #375,pre_ai
initial commit #430,pre_ai
v1.0 #63,pre_ai
fix bug #488,pre_ai
update code #380,pre_ai
changes #12,pre_ai
wip #141,pre_ai
stuff #254,pre_ai
fixed issue #43,pre_ai
updated file #17,pre_ai
minor fix #63,pre_ai
cleanup #253,pre_ai
bugfix #465,pre_ai
added feature #376,pre_ai
removed unused code #292,pre_ai
Merge branch 'main' #469,pre_ai
initial commit #8,pre_ai
v1.0 #325,pre_ai
fix bug #90,pre_ai
update code #208,pre_ai
changes #292,pre_ai
wip #284,pre_ai
stuff #118,pre_ai
fixed issue #349,pre_ai
updated file #175,pre_ai
minor fix #76,pre_ai
cleanup #101,pre_ai
bugfix #414,pre_ai
added feature #151,pre_ai
removed unused code #400,pre_ai
Merge branch 'main' #270,pre_ai
initial commit #458,pre_ai
v1.0 #71,pre_ai
fix bug #493,pre_ai
update code #180,pre_ai
changes #124,pre_ai
wip #381,pre_ai
stuff #293,pre_ai
fixed issue #285,pre_ai
updated file #195,pre_ai
minor fix #399,pre_ai
cleanup #228,pre_ai
bugfix #431,pre_ai
added feature #430,pre_ai
removed unused code #436,pre_ai
Merge branch 'main' #275,pre_ai
initial commit #461,pre_ai
v1.0 #106,pre_ai
fix bug #21,pre_ai
update code #64,pre_ai
changes #165,pre_ai
wip #27,pre_ai
stuff #311,pre_ai
fixed issue #285,pre_ai
updated file #148,pre_ai
minor fix #281,pre_ai
cleanup #326,pre_ai
bugfix #319,pre_ai
added feature #164,pre_ai
removed unused code #386,pre_ai
Merge branch 'main' #406,pre_ai
initial commit #224,pre_ai
v1.0 #272,pre_ai
fix bug #146,pre_ai
update code #453,pre_ai
changes #438,pre_ai
wip #356,pre_ai
stuff #30,pre_ai
fixed issue #45,pre_ai
updated file #275,pre_ai
minor fix #471,pre_ai
cleanup #34,pre_ai
bugfix #141,pre_ai
added feature #427,pre_ai
removed unused code #318,pre_ai
Merge branch 'main' #374,pre_ai
initial commit #221,pre_ai
v1.0 #356,pre_ai
fix bug #22,pre_ai
update code #180,pre_ai
changes #436,pre_ai
wip #367,pre_ai
stuff #420,pre_ai
fixed issue #329,pre_ai
updated file #231,pre_ai
minor fix #499,pre_ai
cleanup #403,pre_ai
bugfix #38,pre_ai
added feature #70,pre_ai
removed unused code #116,pre_ai
Merge branch 'main' #239,pre_ai
initial commit #335,pre_ai
v1.0 #441,pre_ai
fix bug #148,pre_ai
update code #9,pre_ai
changes #288,pre_ai
wip #388,pre_ai
stuff #50,pre_ai
fixed issue #338,pre_ai
updated file #5,pre_ai
minor fix #404,pre_ai
cleanup #343,pre_ai
bugfix #126,pre_ai
added feature #75,pre_ai
removed unused code #165,pre_ai
Merge branch 'main' #278,pre_ai
initial commit #442,pre_ai
v1.0 #324,pre_ai
fix bug #477,pre_ai
update code #300,pre_ai
changes #290,pre_ai
wip #77,pre_ai
stuff #298,pre_ai
fixed issue #137,pre_ai
updated file #106,pre_ai
minor fix #95,pre_ai
cleanup #135,pre_ai
bugfix #68,pre_ai
added feature #147,pre_ai
removed unused code #490,pre_ai
Merge branch 'main' #478,pre_ai
initial commit #159,pre_ai
v1.0 #384,pre_ai
fix bug #163,pre_ai
update code #441,pre_ai
changes #341,pre_ai
wip #189,pre_ai
stuff #415,pre_ai
fixed issue #339,pre_ai
updated file #95,pre_ai
minor fix #181,pre_ai
cleanup #288,pre_ai
bugfix #322,pre_ai
added feature #187,pre_ai
removed unused code #372,pre_ai
Merge branch 'main' #138,pre_ai
initial commit #130,pre_ai
v1.0 #194,pre_ai
fix bug #316,pre_ai
update code #472,pre_ai
changes #273,pre_ai
wip #352,pre_ai
stuff #144,pre_ai
fixed issue #16,pre_ai
updated file #302,pre_ai
minor fix #423,pre_ai
cleanup #245,pre_ai
bugfix #415,pre_ai
added feature #107,pre_ai
removed unused code #88,pre_ai
Merge branch 'main' #129,pre_ai
initial commit #395,pre_ai
v1.0 #375,pre_ai
fix bug #341,pre_ai
update code #4,pre_ai
changes #327,pre_ai
wip #410,pre_ai
stuff #367,pre_ai
fixed issue #306,pre_ai
updated file #396,pre_ai
minor fix #95,pre_ai
cleanup #209,pre_ai
bugfix #225,pre_ai
added feature #459,pre_ai
removed unused code #348,pre_ai
Merge branch 'main' #480,pre_ai
initial commit #321,pre_ai
v1.0 #47,pre_ai
fix bug #476,pre_ai
update code #181,pre_ai
changes #106,pre_ai
wip #199,pre_ai
stuff #386,pre_ai
fixed issue #106,pre_ai
updated file #280,pre_ai
minor fix #260,pre_ai
cleanup #108,pre_ai
bugfix #19,pre_ai
added feature #410,pre_ai
removed unused code #459,pre_ai
Merge branch 'main' #296,pre_ai
initial commit #306,pre_ai
v1.0 #171,pre_ai
fix bug #331,pre_ai
update code #493,pre_ai
changes #195,pre_ai
wip #12,pre_ai
stuff #195,pre_ai
fixed issue #490,pre_ai
updated file #283,pre_ai
minor fix #369,pre_ai
cleanup #182,pre_ai
bugfix #450,pre_ai
added feature #305,pre_ai
removed unused code #144,pre_ai
Merge branch 'main' #386,pre_ai
initial commit #316,pre_ai
v1.0 #182,pre_ai
fix bug #30,pre_ai
update code #84,pre_ai
changes #166,pre_ai
wip #284,pre_ai
stuff #281,pre_ai
fixed issue #96,pre_ai
updated file #381,pre_ai
minor fix #266,pre_ai
cleanup #444,pre_ai
bugfix #298,pre_ai
added feature #296,pre_ai
removed unused code #225,pre_ai
Merge branch 'main' #333,pre_ai
initial commit #361,pre_ai
v1.0 #374,pre_ai
fix bug #42,pre_ai
update code #303,pre_ai
changes #421,pre_ai
wip #246,pre_ai
stuff #208,pre_ai
fixed issue #237,pre_ai
updated file #22,pre_ai
minor fix #185,pre_ai
cleanup #468,pre_ai
bugfix #242,pre_ai
added feature #363,pre_ai
removed unused code #283,pre_ai
Merge branch 'main' #41,pre_ai
initial commit #336,pre_ai
v1.0 #162,pre_ai
fix bug #160,pre_ai
update code #474,pre_ai
changes #89,pre_ai
wip #322,pre_ai
stuff #12,pre_ai
fixed issue #424,pre_ai
updated file #73,pre_ai
minor fix #76,pre_ai
cleanup #346,pre_ai
bugfix #201,pre_ai
added feature #10,pre_ai
removed unused code #352,pre_ai
Merge branch 'main' #226,pre_ai
initial commit #176,pre_ai
v1.0 #276,pre_ai
fix bug #39,pre_ai
update code #60,pre_ai
changes #66,pre_ai
wip #321,pre_ai
stuff #435,pre_ai
fixed issue #124,pre_ai
updated file #164,pre_ai
minor fix #408,pre_ai
cleanup #411,pre_ai
bugfix #386,pre_ai
added feature #159,pre_ai
removed unused code #57,pre_ai
Merge branch 'main' #78,pre_ai
initial commit #194,pre_ai
v1.0 #285,pre_ai
fix bug #15,pre_ai
update code #12,pre_ai
changes #101,pre_ai
wip #156,pre_ai
stuff #340,pre_ai
fixed issue #125,pre_ai
updated file #359,pre_ai
minor fix #280,pre_ai
cleanup #405,pre_ai
bugfix #394,pre_ai
added feature #110,pre_ai
removed unused code #334,pre_ai
Merge branch 'main' #357,pre_ai
initial commit #146,pre_ai
v1.0 #216,pre_ai
fix bug #398,pre_ai
update code #162,pre_ai
changes #128,pre_ai
wip #314,pre_ai
stuff #332,pre_ai
fixed issue #150,pre_ai
updated file #454,pre_ai
minor fix #36,pre_ai
cleanup #173,pre_ai
bugfix #420,pre_ai
added feature #22,pre_ai
removed unused code #206,pre_ai
Merge branch 'main' #127,pre_ai
initial commit #336,pre_ai
v1.0 #445,pre_ai
fix bug #356,pre_ai
update code #440,pre_ai
changes #217,pre_ai
wip #96,pre_ai
stuff #417,pre_ai
fixed issue #429,pre_ai
updated file #164,pre_ai
minor fix #148,pre_ai
cleanup #18,pre_ai
bugfix #294,pre_ai
added feature #195,pre_ai
removed unused code #151,pre_ai
Merge branch 'main' #480,pre_ai
initial commit #365,pre_ai
v1.0 #123,pre_ai
fix bug #400,pre_ai
update code #187,pre_ai
changes #453,pre_ai
wip #452,pre_ai
stuff #149,pre_ai
fixed issue #104,pre_ai
updated file #243,pre_ai
minor fix #462,pre_ai
cleanup #231,pre_ai
bugfix #479,pre_ai
added feature #206,pre_ai
removed unused code #198,pre_ai
Merge branch 'main' #396,pre_ai
initial commit #400,pre_ai
v1.0 #337,pre_ai
fix bug #493,pre_ai
update code #87,pre_ai
changes #142,pre_ai
wip #317,pre_ai
stuff #199,pre_ai
fixed issue #46,pre_ai
updated file #288,pre_ai
minor fix #15,pre_ai
cleanup #44,pre_ai
bugfix #401,pre_ai
added feature #169,pre_ai
removed unused code #310,pre_ai
Merge branch 'main' #495,pre_ai
initial commit #44,pre_ai
v1.0 #98,pre_ai
fix bug #261,pre_ai
update code #109,pre_ai
changes #283,pre_ai
wip #372,pre_ai
stuff #343,pre_ai
fixed issue #104,pre_ai
updated file #256,pre_ai
minor fix #379,pre_ai
cleanup #206,pre_ai
bugfix #335,pre_ai
added feature #43,pre_ai
removed unused code #353,pre_ai
Merge branch 'main' #245,pre_ai
initial commit #287,pre_ai
v1.0 #355,pre_ai
fix bug #273,pre_ai
update code #476,pre_ai
changes #83,pre_ai
wip #110,pre_ai
stuff #438,pre_ai
fixed issue #190,pre_ai
updated file #471,pre_ai
minor fix #288,pre_ai
cleanup #424,pre_ai
bugfix #397,pre_ai
added feature #251,pre_ai
removed unused code #212,pre_ai
Merge branch 'main' #291,pre_ai
initial commit #133,pre_ai
v1.0 #201,pre_ai
fix bug #285,pre_ai
update code #326,pre_ai
changes #409,pre_ai
wip #95,pre_ai
stuff #278,pre_ai
fixed issue #450,pre_ai
updated file #429,pre_ai
minor fix #325,pre_ai
cleanup #219,pre_ai
bugfix #89,pre_ai
added feature #72,pre_ai
removed unused code #247,pre_ai
Merge branch 'main' #129,pre_ai
initial commit #212,pre_ai
v1.0 #428,pre_ai
fix bug #343,pre_ai
update code #96,pre_ai
changes #75,pre_ai
wip #423,pre_ai
stuff #495,pre_ai
fixed issue #54,pre_ai
updated file #344,pre_ai
minor fix #459,pre_ai
cleanup #413,pre_ai
bugfix #54,pre_ai
added feature #218,pre_ai
removed unused code #16,pre_ai
Merge branch 'main' #99,pre_ai
initial commit #20,pre_ai
v1.0 #46,pre_ai
fix bug #451,pre_ai
update code #193,pre_ai
changes #383,pre_ai
wip #58,pre_ai
stuff #437,pre_ai
fixed issue #111,pre_ai
updated file #129,pre_ai
minor fix #337,pre_ai
cleanup #194,pre_ai
bugfix #413,pre_ai
added feature #340,pre_ai
removed unused code #326,pre_ai
Merge branch 'main' #8,pre_ai
initial commit #29,pre_ai
v1.0 #112,pre_ai
fix bug #435,pre_ai
update code #161,pre_ai
changes #131,pre_ai
wip #188,pre_ai
stuff #163,pre_ai
fixed issue #197,pre_ai
updated file #475,pre_ai
minor fix #364,pre_ai
cleanup #204,pre_ai
bugfix #212,pre_ai
added feature #109,pre_ai
removed unused code #276,pre_ai
Merge branch 'main' #73,pre_ai
initial commit #167,pre_ai
v1.0 #260,pre_ai
fix bug #243,pre_ai
update code #275,pre_ai
changes #102,pre_ai
wip #475,pre_ai
stuff #173,pre_ai
fixed issue #171,pre_ai
updated file #141,pre_ai
minor fix #397,pre_ai
cleanup #188,pre_ai
bugfix #441,pre_ai
added feature #86,pre_ai
removed unused code #476,pre_ai
Merge branch 'main' #52,pre_ai
initial commit #111,pre_ai
v1.0 #437,pre_ai
fix bug #365,pre_ai
update code #342,pre_ai
changes #43,pre_ai
wip #211,pre_ai
stuff #456,pre_ai
fixed issue #200,pre_ai
updated file #298,pre_ai
minor fix #346,pre_ai
cleanup #240,pre_ai
bugfix #115,pre_ai
added feature #26,pre_ai
removed unused code #407,pre_ai
Merge branch 'main' #299,pre_ai
initial commit #77,pre_ai
v1.0 #412,pre_ai
fix bug #137,pre_ai
update code #20,pre_ai
changes #440,pre_ai
wip #211,pre_ai
stuff #240,pre_ai
fixed issue #39,pre_ai
updated file #435,pre_ai
minor fix #268,pre_ai
cleanup #207,pre_ai
bugfix #479,pre_ai
added feature #439,pre_ai
removed unused code #462,pre_ai
Merge branch 'main' #267,pre_ai
initial commit #154,pre_ai
v1.0 #42,pre_ai
fix bug #411,pre_ai
update code #11,pre_ai
changes #294,pre_ai
wip #98,pre_ai
stuff #427,pre_ai
fixed issue #275,pre_ai
updated file #448,pre_ai
minor fix #390,pre_ai
cleanup #430,pre_ai
bugfix #372,pre_ai
added feature #230,pre_ai
removed unused code #369,pre_ai
Merge branch 'main' #426,pre_ai
initial commit #220,pre_ai
v1.0 #65,pre_ai
fix bug #355,pre_ai
update code #232,pre_ai
changes #328,pre_ai
wip #443,pre_ai
stuff #52,pre_ai
fixed issue #374,pre_ai
updated file #431,pre_ai
minor fix #376,pre_ai
cleanup #263,pre_ai
bugfix #267,pre_ai
added feature #359,pre_ai
removed unused code #317,pre_ai
Merge branch 'main' #324,pre_ai
initial commit #409,pre_ai
v1.0 #396,pre_ai
fix bug #154,pre_ai
update code #358,pre_ai
changes #366,pre_ai
wip #140,pre_ai
stuff #427,pre_ai
fixed issue #51,pre_ai
updated file #117,pre_ai
minor fix #421,pre_ai
cleanup #46,pre_ai
bugfix #309,pre_ai
added feature #88,pre_ai
removed unused code #208,pre_ai
Merge branch 'main' #377,pre_ai
initial commit #269,pre_ai
v1.0 #89,pre_ai
fix bug #381,pre_ai
update code #118,pre_ai
changes #54,pre_ai
wip #441,pre_ai
stuff #116,pre_ai
fixed issue #118,pre_ai
updated file #260,pre_ai
minor fix #75,pre_ai
cleanup #480,pre_ai
bugfix #305,pre_ai
added feature #7,pre_ai
removed unused code #366,pre_ai
Merge branch 'main' #122,pre_ai
initial commit #11,pre_ai
v1.0 #348,pre_ai
fix bug #438,pre_ai
update code #489,pre_ai
changes #215,pre_ai
wip #429,pre_ai
stuff #279,pre_ai
fixed issue #498,pre_ai
updated file #28,pre_ai
minor fix #235,pre_ai
cleanup #367,pre_ai
bugfix #313,pre_ai
added feature #26,pre_ai
removed unused code #409,pre_ai
Merge branch 'main' #54,pre_ai
initial commit #29,pre_ai
v1.0 #467,pre_ai
fix bug #353,pre_ai
update code #164,pre_ai
changes #270,pre_ai
wip #334,pre_ai
stuff #35,pre_ai
fixed issue #286,pre_ai
updated file #348,pre_ai
minor fix #273,pre_ai
cleanup #451,pre_ai
bugfix #208,pre_ai
added feature #238,pre_ai
removed unused code #414,pre_ai
Merge branch 'main' #93,pre_ai
initial commit #173,pre_ai
v1.0 #79,pre_ai
fix bug #110,pre_ai
update code #217,pre_ai
changes #435,pre_ai
wip #358,pre_ai
stuff #106,pre_ai
fixed issue #47,pre_ai
updated file #181,pre_ai
minor fix #64,pre_ai
cleanup #246,pre_ai
bugfix #244,pre_ai
added feature #422,pre_ai
removed unused code #320,pre_ai
Merge branch 'main' #87,pre_ai
initial commit #217,pre_ai
v1.0 #490,pre_ai
fix bug #7,pre_ai
update code #278,pre_ai
changes #337,pre_ai
wip #210,pre_ai
stuff #497,pre_ai
fixed issue #169,pre_ai
updated file #330,pre_ai
minor fix #138,pre_ai
cleanup #441,pre_ai
bugfix #391,pre_ai
added feature #496,pre_ai
removed unused code #381,pre_ai
Merge branch 'main' #306,pre_ai
initial commit #230,pre_ai
v1.0 #475,pre_ai
fix bug #308,pre_ai
update code #161,pre_ai
changes #1,pre_ai
wip #236,pre_ai
stuff #437,pre_ai
fixed issue #188,pre_ai
updated file #418,pre_ai
minor fix #4,pre_ai
cleanup #401,pre_ai
bugfix #132,pre_ai
added feature #427,pre_ai
removed unused code #218,pre_ai
Merge branch 'main' #260,pre_ai
initial commit #1,pre_ai
v1.0 #71,pre_ai
fix bug #478,pre_ai
update code #178,pre_ai
changes #457,pre_ai
wip #189,pre_ai
stuff #291,pre_ai
fixed issue #8,pre_ai
updated file #253,pre_ai
minor fix #408,pre_ai
cleanup #467,pre_ai
bugfix #292,pre_ai
added feature #434,pre_ai
removed unused code #244,pre_ai
Merge branch 'main' #123,pre_ai
initial commit #299,pre_ai
v1.0 #283,pre_ai
fix bug #32,pre_ai
update code #334,pre_ai
changes #377,pre_ai
wip #146,pre_ai
stuff #156,pre_ai
fixed issue #413,pre_ai
updated file #16,pre_ai
minor fix #355,pre_ai
cleanup #47,pre_ai
bugfix #251,pre_ai
added feature #187,pre_ai
removed unused code #31,pre_ai
Merge branch 'main' #260,pre_ai
initial commit #421,pre_ai
v1.0 #17,pre_ai
fix bug #39,pre_ai
update code #304,pre_ai
changes #430,pre_ai
wip #474,pre_ai
stuff #432,pre_ai
fixed issue #39,pre_ai
updated file #489,pre_ai
minor fix #132,pre_ai
cleanup #30,pre_ai
bugfix #158,pre_ai
added feature #278,pre_ai
removed unused code #203,pre_ai
Merge branch 'main' #66,pre_ai
initial commit #108,pre_ai
v1.0 #268,pre_ai
fix bug #222,pre_ai
update code #292,pre_ai
changes #18,pre_ai
wip #90,pre_ai
stuff #181,pre_ai
fixed issue #255,pre_ai
updated file #455,pre_ai
minor fix #253,pre_ai
cleanup #257,pre_ai
bugfix #383,pre_ai
added feature #442,pre_ai
removed unused code #346,pre_ai
Merge branch 'main' #87,pre_ai
initial commit #90,pre_ai
v1.0 #237,pre_ai
fix bug #390,pre_ai
update code #70,pre_ai
changes #44,pre_ai
wip #200,pre_ai
stuff #152,pre_ai
fixed issue #86,pre_ai
updated file #19,pre_ai
minor fix #101,pre_ai
cleanup #402,pre_ai
bugfix #95,pre_ai
added feature #254,pre_ai
removed unused code #357,pre_ai
Merge branch 'main' #30,pre_ai
initial commit #249,pre_ai
v1.0 #426,pre_ai
fix bug #33,pre_ai
update code #458,pre_ai
changes #229,pre_ai
wip #12,pre_ai
stuff #118,pre_ai
fixed issue #350,pre_ai
updated file #155,pre_ai
minor fix #423,pre_ai
cleanup #393,pre_ai
bugfix #246,pre_ai
added feature #405,pre_ai
removed unused code #332,pre_ai
Merge branch 'main' #247,pre_ai
initial commit #29,pre_ai
v1.0 #161,pre_ai
fix bug #235,pre_ai
update code #190,pre_ai
changes #117,pre_ai
wip #271,pre_ai
stuff #258,pre_ai
fixed issue #180,pre_ai
updated file #487,pre_ai
minor fix #373,pre_ai
cleanup #172,pre_ai
bugfix #438,pre_ai
added feature #274,pre_ai
removed unused code #259,pre_ai
Merge branch 'main' #135,pre_ai
initial commit #171,pre_ai
v1.0 #210,pre_ai
fix bug #236,pre_ai
update code #422,pre_ai
changes #421,pre_ai
wip #186,pre_ai
stuff #417,pre_ai
fixed issue #364,pre_ai
updated file #443,pre_ai
minor fix #95,pre_ai
cleanup #378,pre_ai
bugfix #11,pre_ai
added feature #68,pre_ai
removed unused code #379,pre_ai
Merge branch 'main' #210,pre_ai
initial commit #196,pre_ai
v1.0 #369,pre_ai
fix bug #98,pre_ai
update code #93,pre_ai
changes #472,pre_ai
wip #22,pre_ai
stuff #450,pre_ai
fixed issue #172,pre_ai
updated file #383,pre_ai
minor fix #134,pre_ai
cleanup #426,pre_ai
bugfix #25,pre_ai
added feature #185,pre_ai
removed unused code #85,pre_ai
Merge branch 'main' #55,pre_ai
initial commit #251,pre_ai
v1.0 #144,pre_ai
fix bug #351,pre_ai
update code #398,pre_ai
changes #167,pre_ai
wip #412,pre_ai
stuff #224,pre_ai
fixed issue #220,pre_ai
updated file #179,pre_ai
minor fix #119,pre_ai
cleanup #433,pre_ai
bugfix #265,pre_ai
added feature #442,pre_ai
removed unused code #429,pre_ai
Merge branch 'main' #150,pre_ai
initial commit #416,pre_ai
v1.0 #453,pre_ai
fix bug #215,pre_ai
update code #197,pre_ai
changes #42,pre_ai
wip #53,pre_ai
stuff #480,pre_ai
fixed issue #443,pre_ai
updated file #330,pre_ai
minor fix #251,pre_ai
cleanup #295,pre_ai
bugfix #378,pre_ai
added feature #271,pre_ai
removed unused code #455,pre_ai
Merge branch 'main' #413,pre_ai
initial commit #123,pre_ai
v1.0 #367,pre_ai
fix bug #387,pre_ai
update code #339,pre_ai
changes #266,pre_ai
wip #348,pre_ai
stuff #29,pre_ai
fixed issue #463,pre_ai
updated file #35,pre_ai
minor fix #6,pre_ai
cleanup #396,pre_ai
bugfix #111,pre_ai
added feature #294,pre_ai
removed unused code #77,pre_ai
Merge branch 'main' #349,pre_ai
initial commit #147,pre_ai
v1.0 #67,pre_ai
fix bug #392,pre_ai
update code #8,pre_ai
changes #122,pre_ai
wip #340,pre_ai
stuff #175,pre_ai
fixed issue #388,pre_ai
updated file #179,pre_ai
minor fix #85,pre_ai
cleanup #451,pre_ai
bugfix #45,pre_ai
added feature #136,pre_ai
removed unused code #343,pre_ai
Merge branch 'main' #16,pre_ai
initial commit #333,pre_ai
v1.0 #195,pre_ai
fix bug #496,pre_ai
update code #9,pre_ai
changes #316,pre_ai
wip #334,pre_ai
stuff #333,pre_ai
fixed issue #327,pre_ai
updated file #15,pre_ai
minor fix #327,pre_ai
cleanup #102,pre_ai
bugfix #226,pre_ai
added feature #425,pre_ai
removed unused code #278,pre_ai
Merge branch 'main' #408,pre_ai
initial commit #113,pre_ai
v1.0 #485,pre_ai
fix bug #428,pre_ai
update code #1,pre_ai
changes #266,pre_ai
wip #491,pre_ai
stuff #208,pre_ai
fixed issue #110,pre_ai
updated file #200,pre_ai
minor fix #440,pre_ai
cleanup #369,pre_ai
bugfix #473,pre_ai
added feature #306,pre_ai
removed unused code #12,pre_ai
Merge branch 'main' #345,pre_ai
initial commit #465,pre_ai
v1.0 #188,pre_ai
fix bug #154,pre_ai
update code #494,pre_ai
changes #368,pre_ai
wip #334,pre_ai
stuff #425,pre_ai
fixed issue #420,pre_ai
updated file #377,pre_ai
minor fix #279,pre_ai
cleanup #171,pre_ai
bugfix #134,pre_ai
added feature #495,pre_ai
removed unused code #453,pre_ai
Merge branch 'main' #427,pre_ai
initial commit #25,pre_ai
v1.0 #18,pre_ai
fix bug #190,pre_ai
update code #141,pre_ai
changes #43,pre_ai
wip #334,pre_ai
stuff #284,pre_ai
fixed issue #146,pre_ai
updated file #315,pre_ai
minor fix #444,pre_ai
cleanup #319,pre_ai
bugfix #441,pre_ai
added feature #92,pre_ai
removed unused code #179,pre_ai
Merge branch 'main' #56,pre_ai
initial commit #155,pre_ai
v1.0 #160,pre_ai
fix bug #111,pre_ai
update code #137,pre_ai
changes #232,pre_ai
wip #480,pre_ai
stuff #468,pre_ai
fixed issue #220,pre_ai
updated file #481,pre_ai
minor fix #68,pre_ai
cleanup #302,pre_ai
bugfix #249,pre_ai
added feature #482,pre_ai
removed unused code #496,pre_ai
Merge branch 'main' #323,pre_ai
initial commit #410,pre_ai
v1.0 #392,pre_ai
fix bug #6,pre_ai
update code #464,pre_ai
changes #280,pre_ai
wip #432,pre_ai
stuff #487,pre_ai
fixed issue #94,pre_ai
updated file #429,pre_ai
minor fix #269,pre_ai
cleanup #197,pre_ai
bugfix #25,pre_ai
added feature #148,pre_ai
removed unused code #118,pre_ai
Merge branch 'main' #338,pre_ai
initial commit #367,pre_ai
v1.0 #338,pre_ai
fix bug #66,pre_ai
update code #458,pre_ai
changes #301,pre_ai
wip #370,pre_ai
stuff #175,pre_ai
fixed issue #319,pre_ai
updated file #76,pre_ai
minor fix #495,pre_ai
cleanup #461,pre_ai
bugfix #114,pre_ai
added feature #111,pre_ai
removed unused code #249,pre_ai
Merge branch 'main' #439,pre_ai
initial commit #203,pre_ai
v1.0 #147,pre_ai
fix bug #35,pre_ai
update code #487,pre_ai
changes #309,pre_ai
wip #26,pre_ai
stuff #238,pre_ai
fixed issue #14,pre_ai
updated file #374,pre_ai
minor fix #45,pre_ai
cleanup #428,pre_ai
bugfix #216,pre_ai
added feature #233,pre_ai
removed unused code #193,pre_ai
Merge branch 'main' #51,pre_ai
initial commit #427,pre_ai
v1.0 #375,pre_ai
fix bug #214,pre_ai
update code #151,pre_ai
changes #440,pre_ai
wip #275,pre_ai
stuff #338,pre_ai
fixed issue #76,pre_ai
updated file #439,pre_ai
minor fix #220,pre_ai
cleanup #348,pre_ai
bugfix #444,pre_ai
added feature #187,pre_ai
removed unused code #289,pre_ai
Merge branch 'main' #403,pre_ai
initial commit #28,pre_ai
v1.0 #379,pre_ai
fix bug #180,pre_ai
update code #253,pre_ai
changes #126,pre_ai
wip #177,pre_ai
stuff #37,pre_ai
fixed issue #410,pre_ai
updated file #99,pre_ai
minor fix #98,pre_ai
cleanup #127,pre_ai
bugfix #483,pre_ai
added feature #168,pre_ai
removed unused code #80,pre_ai
Merge branch 'main' #294,pre_ai
initial commit #333,pre_ai
v1.0 #126,pre_ai
fix bug #343,pre_ai
update code #310,pre_ai
changes #150,pre_ai
wip #16,pre_ai
stuff #28,pre_ai
fixed issue #496,pre_ai
updated file #419,pre_ai
minor fix #444,pre_ai
cleanup #173,pre_ai
bugfix #46,pre_ai
added feature #328,pre_ai
removed unused code #236,pre_ai
Merge branch 'main' #439,pre_ai
initial commit #214,pre_ai
v1.0 #85,pre_ai
fix bug #282,pre_ai
update code #232,pre_ai
changes #85,pre_ai
wip #409,pre_ai
stuff #489,pre_ai
fixed issue #65,pre_ai
updated file #134,pre_ai
minor fix #151,pre_ai
cleanup #115,pre_ai
bugfix #64,pre_ai
added feature #343,pre_ai
removed unused code #427,pre_ai
Merge branch 'main' #363,pre_ai
initial commit #407,pre_ai
v1.0 #352,pre_ai
fix bug #158,pre_ai
update code #77,pre_ai
changes #491,pre_ai
wip #146,pre_ai
stuff #343,pre_ai
fixed issue #463,pre_ai
updated file #225,pre_ai
minor fix #405,pre_ai
cleanup #313,pre_ai
bugfix #103,pre_ai
added feature #407,pre_ai
removed unused code #347,pre_ai
Merge branch 'main' #301,pre_ai
initial commit #428,pre_ai
v1.0 #466,pre_ai
fix bug #88,pre_ai
update code #371,pre_ai
changes #303,pre_ai
wip #168,pre_ai
stuff #435,pre_ai
fixed issue #170,pre_ai
updated file #135,pre_ai
minor fix #50,pre_ai
cleanup #432,pre_ai
bugfix #340,pre_ai
added feature #347,pre_ai
removed unused code #134,pre_ai
Merge branch 'main' #347,pre_ai
initial commit #137,pre_ai
v1.0 #245,pre_ai
fix bug #109,pre_ai
update code #313,pre_ai
changes #287,pre_ai
wip #21,pre_ai
stuff #90,pre_ai
fixed issue #296,pre_ai
updated file #112,pre_ai
minor fix #301,pre_ai
cleanup #77,pre_ai
bugfix #177,pre_ai
added feature #343,pre_ai
removed unused code #148,pre_ai
Merge branch 'main' #101,pre_ai
initial commit #246,pre_ai
v1.0 #117,pre_ai
fix bug #92,pre_ai
update code #401,pre_ai
changes #28,pre_ai
wip #425,pre_ai
stuff #450,pre_ai
fixed issue #25,pre_ai
updated file #58,pre_ai
minor fix #498,pre_ai
cleanup #297,pre_ai
bugfix #134,pre_ai
added feature #331,pre_ai
removed unused code #249,pre_ai
Merge branch 'main' #38,pre_ai
initial commit #390,pre_ai
v1.0 #429,pre_ai
fix bug #75,pre_ai
update code #142,pre_ai
changes #322,pre_ai
wip #168,pre_ai
stuff #259,pre_ai
fixed issue #373,pre_ai
updated file #355,pre_ai
minor fix #225,pre_ai
cleanup #152,pre_ai
bugfix #19,pre_ai
added feature #146,pre_ai
removed unused code #448,pre_ai
Merge branch 'main' #241,pre_ai
initial commit #372,pre_ai
v1.0 #381,pre_ai
fix bug #344,pre_ai
update code #237,pre_ai
changes #35,pre_ai
wip #190,pre_ai
stuff #1,pre_ai
fixed issue #484,pre_ai
updated file #153,pre_ai
minor fix #429,pre_ai
cleanup #433,pre_ai
bugfix #126,pre_ai
added feature #491,pre_ai
removed unused code #482,pre_ai
Merge branch 'main' #345,pre_ai
initial commit #400,pre_ai
v1.0 #226,pre_ai
fix bug #221,pre_ai
update code #403,pre_ai
changes #407,pre_ai
wip #211,pre_ai
stuff #25,pre_ai
fixed issue #16,pre_ai
updated file #182,pre_ai
minor fix #499,pre_ai
cleanup #329,pre_ai
bugfix #129,pre_ai
added feature #42,pre_ai
removed unused code #403,pre_ai
Merge branch 'main' #481,pre_ai
initial commit #418,pre_ai
v1.0 #336,pre_ai
fix bug #236,pre_ai
update code #360,pre_ai
changes #439,pre_ai
wip #402,pre_ai
stuff #34,pre_ai
fixed issue #345,pre_ai
updated file #381,pre_ai
minor fix #45,pre_ai
cleanup #134,pre_ai
bugfix #21,pre_ai
added feature #122,pre_ai
removed unused code #70,pre_ai
Merge branch 'main' #352,pre_ai
initial commit #361,pre_ai
v1.0 #48,pre_ai
fix bug #491,pre_ai
update code #39,pre_ai
changes #287,pre_ai
wip #490,pre_ai
stuff #10,pre_ai
fixed issue #30,pre_ai
updated file #244,pre_ai
minor fix #274,pre_ai
cleanup #444,pre_ai
bugfix #88,pre_ai
added feature #244,pre_ai
removed unused code #381,pre_ai
Merge branch 'main' #329,pre_ai
initial commit #479,pre_ai
v1.0 #15,pre_ai
fix bug #4,pre_ai
update code #191,pre_ai
changes #168,pre_ai
wip #9,pre_ai
stuff #109,pre_ai
fixed issue #137,pre_ai
updated file #154,pre_ai
minor fix #388,pre_ai
cleanup #209,pre_ai
bugfix #272,pre_ai
added feature #143,pre_ai
removed unused code #99,pre_ai
Merge branch 'main' #377,pre_ai
initial commit #308,pre_ai
v1.0 #69,pre_ai
fix bug #247,pre_ai
update code #261,pre_ai
changes #276,pre_ai
wip #79,pre_ai
stuff #146,pre_ai
fixed issue #111,pre_ai
updated file #258,pre_ai
minor fix #93,pre_ai
cleanup #13,pre_ai
bugfix #260,pre_ai
added feature #426,pre_ai
removed unused code #109,pre_ai
Merge branch 'main' #330,pre_ai
initial commit #189,pre_ai
v1.0 #95,pre_ai
fix bug #105,pre_ai
update code #8,pre_ai
changes #67,pre_ai
wip #496,pre_ai
stuff #191,pre_ai
fixed issue #366,pre_ai
updated file #256,pre_ai
minor fix #9,pre_ai
cleanup #478,pre_ai
bugfix #117,pre_ai
added feature #267,pre_ai
removed unused code #99,pre_ai
Merge branch 'main' #485,pre_ai
initial commit #298,pre_ai
v1.0 #397,pre_ai
fix bug #164,pre_ai
update code #376,pre_ai
changes #141,pre_ai
wip #268,pre_ai
stuff #37,pre_ai
fixed issue #74,pre_ai
updated file #73,pre_ai
minor fix #308,pre_ai
cleanup #199,pre_ai
bugfix #130,pre_ai
added feature #246,pre_ai
removed unused code #312,pre_ai
Merge branch 'main' #60,pre_ai
initial commit #279,pre_ai
v1.0 #103,pre_ai
fix bug #296,pre_ai
update code #320,pre_ai
changes #487,pre_ai
wip #341,pre_ai
stuff #151,pre_ai
fixed issue #157,pre_ai
updated file #206,pre_ai
minor fix #474,pre_ai
cleanup #179,pre_ai
bugfix #197,pre_ai
added feature #223,pre_ai
removed unused code #89,pre_ai
Merge branch 'main' #287,pre_ai
initial commit #434,pre_ai
v1.0 #276,pre_ai
fix bug #236,pre_ai
update code #183,pre_ai
changes #209,pre_ai
wip #493,pre_ai
stuff #130,pre_ai
fixed issue #153,pre_ai
updated file #13,pre_ai
minor fix #122,pre_ai
cleanup #359,pre_ai
bugfix #220,pre_ai
added feature #106,pre_ai
removed unused code #375,pre_ai
Merge branch 'main' #70,pre_ai
initial commit #195,pre_ai
v1.0 #186,pre_ai
fix bug #99,pre_ai
update code #82,pre_ai
changes #75,pre_ai
wip #374,pre_ai
stuff #340,pre_ai
fixed issue #192,pre_ai
updated file #325,pre_ai
minor fix #467,pre_ai
cleanup #214,pre_ai
bugfix #315,pre_ai
added feature #444,pre_ai
removed unused code #467,pre_ai
Merge branch 'main' #382,pre_ai
initial commit #367,pre_ai
v1.0 #318,pre_ai
fix bug #144,pre_ai
update code #384,pre_ai
changes #216,pre_ai
wip #361,pre_ai
stuff #324,pre_ai
fixed issue #15,pre_ai
updated file #217,pre_ai
minor fix #492,pre_ai
cleanup #439,pre_ai
bugfix #35,pre_ai
added feature #183,pre_ai
removed unused code #270,pre_ai
Merge branch 'main' #433,pre_ai
initial commit #467,pre_ai
v1.0 #358,pre_ai
fix bug #100,pre_ai
update code #7,pre_ai
changes #30,pre_ai
wip #467,pre_ai
stuff #305,pre_ai
fixed issue #473,pre_ai
updated file #144,pre_ai
minor fix #111,pre_ai
cleanup #232,pre_ai
bugfix #179,pre_ai
added feature #72,pre_ai
removed unused code #210,pre_ai
Merge branch 'main' #220,pre_ai
initial commit #80,pre_ai
v1.0 #83,pre_ai
fix bug #42,pre_ai
update code #273,pre_ai
changes #191,pre_ai
wip #173,pre_ai
stuff #461,pre_ai
fixed issue #7,pre_ai
updated file #155,pre_ai
minor fix #10,pre_ai
cleanup #34,pre_ai
bugfix #36,pre_ai
added feature #409,pre_ai
removed unused code #6,pre_ai
Merge branch 'main' #408,pre_ai
initial commit #402,pre_ai
v1.0 #215,pre_ai
fix bug #134,pre_ai
update code #285,pre_ai
changes #126,pre_ai
wip #409,pre_ai
stuff #439,pre_ai
fixed issue #337,pre_ai
updated file #174,pre_ai
minor fix #152,pre_ai
cleanup #331,pre_ai
bugfix #26,pre_ai
added feature #383,pre_ai
removed unused code #115,pre_ai
Merge branch 'main' #382,pre_ai
initial commit #482,pre_ai
v1.0 #284,pre_ai
fix bug #387,pre_ai
update code #75,pre_ai
changes #166,pre_ai
wip #189,pre_ai
stuff #78,pre_ai
fixed issue #435,pre_ai
updated file #90,pre_ai
minor fix #176,pre_ai
cleanup #21,pre_ai
bugfix #54,pre_ai
added feature #184,pre_ai
removed unused code #359,pre_ai
Merge branch 'main' #222,pre_ai
initial commit #315,pre_ai
v1.0 #328,pre_ai
fix bug #179,pre_ai
update code #276,pre_ai
changes #112,pre_ai
wip #224,pre_ai
stuff #214,pre_ai
fixed issue #59,pre_ai
updated file #327,pre_ai
minor fix #393,pre_ai
cleanup #109,pre_ai
bugfix #385,pre_ai
added feature #157,pre_ai
removed unused code #191,pre_ai
Merge branch 'main' #200,pre_ai
initial commit #312,pre_ai
v1.0 #196,pre_ai
fix bug #35,pre_ai
update code #379,pre_ai
changes #387,pre_ai
wip #246,pre_ai
stuff #237,pre_ai
fixed issue #104,pre_ai
updated file #7,pre_ai
minor fix #283,pre_ai
cleanup #1,pre_ai
bugfix #219,pre_ai
added feature #464,pre_ai
removed unused code #230,pre_ai
Merge branch 'main' #455,pre_ai
initial commit #172,pre_ai
v1.0 #87,pre_ai
fix bug #41,pre_ai
update code #123,pre_ai
changes #331,pre_ai
wip #298,pre_ai
stuff #373,pre_ai
fixed issue #417,pre_ai
updated file #178,pre_ai
minor fix #63,pre_ai
cleanup #484,pre_ai
bugfix #165,pre_ai
added feature #489,pre_ai
removed unused code #187,pre_ai
Merge branch 'main' #383,pre_ai
initial commit #209,pre_ai
v1.0 #227,pre_ai
fix bug #432,pre_ai
update code #389,pre_ai
changes #48,pre_ai
wip #224,pre_ai
stuff #3,pre_ai
fixed issue #372,pre_ai
updated file #175,pre_ai
minor fix #446,pre_ai
cleanup #99,pre_ai
bugfix #116,pre_ai
added feature #270,pre_ai
removed unused code #447,pre_ai
Merge branch 'main' #368,pre_ai
initial commit #253,pre_ai
v1.0 #317,pre_ai
fix bug #415,pre_ai
update code #95,pre_ai
changes #273,pre_ai
wip #380,pre_ai
stuff #24,pre_ai
fixed issue #116,pre_ai
updated file #151,pre_ai
minor fix #338,pre_ai
cleanup #50,pre_ai
bugfix #206,pre_ai
added feature #498,pre_ai
removed unused code #335,pre_ai
Merge branch 'main' #79,pre_ai
initial commit #70,pre_ai
v1.0 #27,pre_ai
fix bug #271,pre_ai
update code #50,pre_ai
changes #292,pre_ai
wip #247,pre_ai
stuff #264,pre_ai
fixed issue #79,pre_ai
updated file #387,pre_ai
minor fix #190,pre_ai
cleanup #47,pre_ai
bugfix #461,pre_ai
added feature #361,pre_ai
removed unused code #354,pre_ai
Merge branch 'main' #472,pre_ai
initial commit #488,pre_ai
v1.0 #352,pre_ai
fix bug #189,pre_ai
update code #416,pre_ai
changes #256,pre_ai
wip #222,pre_ai
stuff #372,pre_ai
fixed issue #241,pre_ai
updated file #269,pre_ai
minor fix #1,pre_ai
cleanup #34,pre_ai
bugfix #446,pre_ai
added feature #79,pre_ai
removed unused code #236,pre_ai
Merge branch 'main' #334,pre_ai
initial commit #377,pre_ai
v1.0 #349,pre_ai
fix bug #98,pre_ai
update code #82,pre_ai
changes #455,pre_ai
wip #477,pre_ai
stuff #415,pre_ai
fixed issue #192,pre_ai
updated file #253,pre_ai
minor fix #409,pre_ai
cleanup #38,pre_ai
bugfix #14,pre_ai
added feature #392,pre_ai
removed unused code #347,pre_ai
Merge branch 'main' #310,pre_ai
initial commit #386,pre_ai
v1.0 #209,pre_ai
fix bug #357,pre_ai
update code #462,pre_ai
changes #89,pre_ai
wip #56,pre_ai
stuff #94,pre_ai
fixed issue #93,pre_ai
updated file #340,pre_ai
minor fix #85,pre_ai
cleanup #445,pre_ai
bugfix #245,pre_ai
added feature #22,pre_ai
removed unused code #291,pre_ai
Merge branch 'main' #485,pre_ai
initial commit #272,pre_ai
v1.0 #306,pre_ai
fix bug #122,pre_ai
update code #128,pre_ai
changes #113,pre_ai
wip #427,pre_ai
stuff #273,pre_ai
fixed issue #336,pre_ai
updated file #442,pre_ai
minor fix #130,pre_ai
cleanup #132,pre_ai
bugfix #85,pre_ai
added feature #423,pre_ai
removed unused code #482,pre_ai
Merge branch 'main' #350,pre_ai
initial commit #390,pre_ai
v1.0 #81,pre_ai
fix bug #487,pre_ai
update code #473,pre_ai
changes #325,pre_ai
wip #69,pre_ai
stuff #148,pre_ai
fixed issue #448,pre_ai
updated file #16,pre_ai
minor fix #307,pre_ai
cleanup #105,pre_ai
bugfix #165,pre_ai
added feature #488,pre_ai
removed unused code #201,pre_ai
Merge branch 'main' #197,pre_ai
initial commit #426,pre_ai
v1.0 #185,pre_ai
fix bug #322,pre_ai
update code #265,pre_ai
changes #363,pre_ai
wip #100,pre_ai
stuff #342,pre_ai
fixed issue #320,pre_ai
updated file #214,pre_ai
minor fix #278,pre_ai
cleanup #162,pre_ai
bugfix #439,pre_ai
added feature #157,pre_ai
removed unused code #422,pre_ai
Merge branch 'main' #251,pre_ai
initial commit #366,pre_ai
v1.0 #97,pre_ai
fix bug #18,pre_ai
update code #327,pre_ai
changes #449,pre_ai
wip #383,pre_ai
stuff #97,pre_ai
fixed issue #1,pre_ai
updated file #216,pre_ai
minor fix #132,pre_ai
cleanup #260,pre_ai
bugfix #125,pre_ai
added feature #82,pre_ai
removed unused code #283,pre_ai
Merge branch 'main' #171,pre_ai
initial commit #59,pre_ai
v1.0 #32,pre_ai
fix bug #161,pre_ai
update code #284,pre_ai
changes #106,pre_ai
wip #105,pre_ai
stuff #439,pre_ai
fixed issue #228,pre_ai
updated file #188,pre_ai
minor fix #70,pre_ai
cleanup #318,pre_ai
bugfix #464,pre_ai
added feature #290,pre_ai
removed unused code #87,pre_ai
Merge branch 'main' #370,pre_ai
initial commit #362,pre_ai
v1.0 #472,pre_ai
fix bug #56,pre_ai
update code #113,pre_ai
changes #13,pre_ai
wip #440,pre_ai
stuff #18,pre_ai
fixed issue #182,pre_ai
updated file #461,pre_ai
minor fix #113,pre_ai
cleanup #229,pre_ai
bugfix #171,pre_ai
added feature #295,pre_ai
removed unused code #189,pre_ai
Merge branch 'main' #426,pre_ai
initial commit #465,pre_ai
v1.0 #79,pre_ai
fix bug #146,pre_ai
update code #407,pre_ai
changes #182,pre_ai
wip #499,pre_ai
stuff #286,pre_ai
fixed issue #250,pre_ai
updated file #354,pre_ai
minor fix #314,pre_ai
cleanup #196,pre_ai
bugfix #323,pre_ai
added feature #71,pre_ai
removed unused code #248,pre_ai
Merge branch 'main' #146,pre_ai
initial commit #106,pre_ai
v1.0 #263,pre_ai
fix bug #296,pre_ai
update code #70,pre_ai
changes #470,pre_ai
wip #193,pre_ai
stuff #68,pre_ai
fixed issue #494,pre_ai
updated file #305,pre_ai
minor fix #52,pre_ai
cleanup #370,pre_ai
bugfix #363,pre_ai
added feature #285,pre_ai
removed unused code #405,pre_ai
Merge branch 'main' #474,pre_ai
initial commit #334,pre_ai
v1.0 #9,pre_ai
fix bug #251,pre_ai
update code #431,pre_ai
changes #332,pre_ai
wip #298,pre_ai
stuff #435,pre_ai
fixed issue #184,pre_ai
updated file #179,pre_ai
minor fix #198,pre_ai
cleanup #128,pre_ai
bugfix #20,pre_ai
added feature #472,pre_ai
removed unused code #411,pre_ai
Merge branch 'main' #422,pre_ai
initial commit #328,pre_ai
v1.0 #65,pre_ai
fix bug #182,pre_ai
update code #241,pre_ai
changes #369,pre_ai
wip #24,pre_ai
stuff #384,pre_ai
fixed issue #431,pre_ai
updated file #455,pre_ai
minor fix #83,pre_ai
cleanup #470,pre_ai
bugfix #319,pre_ai
added feature #185,pre_ai
removed unused code #439,pre_ai
Merge branch 'main' #316,pre_ai
initial commit #99,pre_ai
v1.0 #62,pre_ai
fix bug #286,pre_ai
update code #477,pre_ai
changes #22,pre_ai
wip #459,pre_ai
stuff #212,pre_ai
fixed issue #126,pre_ai
updated file #413,pre_ai
minor fix #499,pre_ai
cleanup #425,pre_ai
bugfix #42,pre_ai
added feature #98,pre_ai
removed unused code #449,pre_ai
Merge branch 'main' #31,pre_ai
initial commit #158,pre_ai
v1.0 #112,pre_ai
fix bug #402,pre_ai
update code #247,pre_ai
changes #122,pre_ai
wip #273,pre_ai
stuff #294,pre_ai
fixed issue #398,pre_ai
updated file #471,pre_ai
minor fix #473,pre_ai
cleanup #207,pre_ai
bugfix #110,pre_ai
added feature #440,pre_ai
removed unused code #278,pre_ai
Merge branch 'main' #451,pre_ai
initial commit #56,pre_ai
v1.0 #375,pre_ai
fix bug #403,pre_ai
update code #57,pre_ai
changes #428,pre_ai
wip #482,pre_ai
stuff #291,pre_ai
fixed issue #114,pre_ai
updated file #381,pre_ai
minor fix #385,pre_ai
cleanup #308,pre_ai
bugfix #341,pre_ai
added feature #477,pre_ai
removed unused code #198,pre_ai
Merge branch 'main' #421,pre_ai
initial commit #321,pre_ai
v1.0 #179,pre_ai
fix bug #385,pre_ai
update code #219,pre_ai
changes #277,pre_ai
wip #437,pre_ai
stuff #16,pre_ai
fixed issue #492,pre_ai
updated file #379,pre_ai
minor fix #61,pre_ai
cleanup #54,pre_ai
bugfix #168,pre_ai
added feature #26,pre_ai
removed unused code #336,pre_ai
Merge branch 'main' #476,pre_ai
initial commit #65,pre_ai
v1.0 #100,pre_ai
fix bug #74,pre_ai
update code #192,pre_ai
changes #171,pre_ai
wip #273,pre_ai
stuff #377,pre_ai
fixed issue #187,pre_ai
updated file #23,pre_ai
minor fix #391,pre_ai
cleanup #428,pre_ai
bugfix #181,pre_ai
added feature #327,pre_ai
removed unused code #108,pre_ai
Merge branch 'main' #335,pre_ai
initial commit #162,pre_ai
v1.0 #302,pre_ai
fix bug #493,pre_ai
update code #452,pre_ai
changes #206,pre_ai
wip #78,pre_ai
stuff #16,pre_ai
fixed issue #327,pre_ai
updated file #96,pre_ai
minor fix #147,pre_ai
cleanup #2,pre_ai
bugfix #10,pre_ai
added feature #434,pre_ai
removed unused code #125,pre_ai
Merge branch 'main' #81,pre_ai
initial commit #485,pre_ai
v1.0 #140,pre_ai
fix bug #326,pre_ai
update code #150,pre_ai
changes #288,pre_ai
wip #361,pre_ai
stuff #340,pre_ai
fixed issue #129,pre_ai
updated file #438,pre_ai
minor fix #239,pre_ai
cleanup #58,pre_ai
bugfix #198,pre_ai
added feature #211,pre_ai
removed unused code #402,pre_ai
Merge branch 'main' #390,pre_ai
initial commit #45,pre_ai
v1.0 #97,pre_ai
fix bug #279,pre_ai
update code #23,pre_ai
changes #410,pre_ai
wip #461,pre_ai
stuff #391,pre_ai
fixed issue #335,pre_ai
updated file #44,pre_ai
minor fix #27,pre_ai
cleanup #282,pre_ai
bugfix #97,pre_ai
added feature #463,pre_ai
removed unused code #36,pre_ai
Merge branch 'main' #109,pre_ai
initial commit #55,pre_ai
v1.0 #192,pre_ai
fix bug #219,pre_ai
update code #185,pre_ai
changes #69,pre_ai
wip #317,pre_ai
stuff #130,pre_ai
fixed issue #55,pre_ai
updated file #378,pre_ai
minor fix #97,pre_ai
cleanup #336,pre_ai
bugfix #87,pre_ai
added feature #294,pre_ai
removed unused code #119,pre_ai
Merge branch 'main' #208,pre_ai
initial commit #334,pre_ai
v1.0 #413,pre_ai
fix bug #154,pre_ai
update code #35,pre_ai
changes #79,pre_ai
wip #67,pre_ai
stuff #343,pre_ai
fixed issue #413,pre_ai
updated file #34,pre_ai
minor fix #97,pre_ai
cleanup #169,pre_ai
bugfix #169,pre_ai
added feature #151,pre_ai
removed unused code #71,pre_ai
Merge branch 'main' #3,pre_ai
initial commit #314,pre_ai
v1.0 #32,pre_ai
fix bug #287,pre_ai
update code #82,pre_ai
changes #43,pre_ai
wip #391,pre_ai
stuff #105,pre_ai
fixed issue #1,pre_ai
updated file #61,pre_ai
minor fix #270,pre_ai
cleanup #180,pre_ai
bugfix #224,pre_ai
added feature #6,pre_ai
removed unused code #103,pre_ai
Merge branch 'main' #10,pre_ai
initial commit #71,pre_ai
v1.0 #90,pre_ai
fix bug #226,pre_ai
update code #158,pre_ai
changes #228,pre_ai
wip #405,pre_ai
stuff #126,pre_ai
fixed issue #444,pre_ai
updated file #209,pre_ai
minor fix #97,pre_ai
cleanup #74,pre_ai
bugfix #115,pre_ai
added feature #191,pre_ai
removed unused code #495,pre_ai
Merge branch 'main' #170,pre_ai
initial commit #307,pre_ai
v1.0 #448,pre_ai
fix bug #204,pre_ai
update code #56,pre_ai
changes #208,pre_ai
wip #41,pre_ai
stuff #32,pre_ai
fixed issue #15,pre_ai
updated file #62,pre_ai
minor fix #155,pre_ai
cleanup #284,pre_ai
bugfix #209,pre_ai
added feature #320,pre_ai
removed unused code #494,pre_ai
Merge branch 'main' #187,pre_ai
initial commit #498,pre_ai
v1.0 #442,pre_ai
fix bug #130,pre_ai
update code #127,pre_ai
changes #292,pre_ai
wip #114,pre_ai
stuff #199,pre_ai
fixed issue #13,pre_ai
updated file #271,pre_ai
minor fix #89,pre_ai
cleanup #215,pre_ai
bugfix #444,pre_ai
added feature #278,pre_ai
removed unused code #447,pre_ai
Merge branch 'main' #474,pre_ai
initial commit #481,pre_ai
v1.0 #203,pre_ai
fix bug #74,pre_ai
update code #25,pre_ai
changes #101,pre_ai
wip #176,pre_ai
stuff #427,pre_ai
fixed issue #117,pre_ai
updated file #166,pre_ai
minor fix #41,pre_ai
cleanup #429,pre_ai
bugfix #344,pre_ai
added feature #424,pre_ai
removed unused code #366,pre_ai
Merge branch 'main' #120,pre_ai
initial commit #97,pre_ai
v1.0 #145,pre_ai
fix bug #216,pre_ai
update code #229,pre_ai
changes #313,pre_ai
wip #130,pre_ai
stuff #352,pre_ai
fixed issue #377,pre_ai
updated file #318,pre_ai
minor fix #472,pre_ai
cleanup #137,pre_ai
bugfix #324,pre_ai
added feature #337,pre_ai
removed unused code #273,pre_ai
Merge branch 'main' #117,pre_ai
initial commit #306,pre_ai
v1.0 #368,pre_ai
fix bug #94,pre_ai
update code #168,pre_ai
changes #442,pre_ai
wip #203,pre_ai
stuff #341,pre_ai
fixed issue #149,pre_ai
updated file #402,pre_ai
minor fix #183,pre_ai
cleanup #413,pre_ai
bugfix #152,pre_ai
added feature #74,pre_ai
removed unused code #365,pre_ai
Merge branch 'main' #401,pre_ai
initial commit #274,pre_ai
v1.0 #42,pre_ai
fix bug #496,pre_ai
update code #212,pre_ai
changes #101,pre_ai
wip #45,pre_ai
stuff #82,pre_ai
fixed issue #17,pre_ai
updated file #73,pre_ai
minor fix #14,pre_ai
cleanup #433,pre_ai
bugfix #157,pre_ai
added feature #223,pre_ai
removed unused code #132,pre_ai
Merge branch 'main' #338,pre_ai
initial commit #404,pre_ai
v1.0 #376,pre_ai
fix bug #376,pre_ai
update code #47,pre_ai
changes #107,pre_ai
wip #108,pre_ai
stuff #265,pre_ai
fixed issue #205,pre_ai
updated file #79,pre_ai
minor fix #155,pre_ai
cleanup #271,pre_ai
bugfix #476,pre_ai
added feature #485,pre_ai
removed unused code #247,pre_ai
Merge branch 'main' #19,pre_ai
initial commit #346,pre_ai
v1.0 #436,pre_ai
fix bug #26,pre_ai
update code #217,pre_ai
changes #154,pre_ai
wip #154,pre_ai
stuff #174,pre_ai
fixed issue #92,pre_ai
updated file #433,pre_ai
minor fix #338,pre_ai
cleanup #480,pre_ai
bugfix #181,pre_ai
added feature #131,pre_ai
removed unused code #450,pre_ai
Merge branch 'main' #481,pre_ai
initial commit #298,pre_ai
v1.0 #275,pre_ai
fix bug #273,pre_ai
update code #492,pre_ai
changes #417,pre_ai
wip #76,pre_ai
stuff #177,pre_ai
fixed issue #184,pre_ai
updated file #319,pre_ai
minor fix #131,pre_ai
cleanup #363,pre_ai
bugfix #49,pre_ai
added feature #55,pre_ai
removed unused code #154,pre_ai
Merge branch 'main' #355,pre_ai
initial commit #200,pre_ai
v1.0 #308,pre_ai
fix bug #356,pre_ai
update code #373,pre_ai
changes #118,pre_ai
wip #263,pre_ai
stuff #46,pre_ai
fixed issue #302,pre_ai
updated file #356,pre_ai
minor fix #400,pre_ai
cleanup #408,pre_ai
bugfix #189,pre_ai
added feature #310,pre_ai
removed unused code #318,pre_ai
Merge branch 'main' #129,pre_ai
initial commit #49,pre_ai
v1.0 #25,pre_ai
fix bug #266,pre_ai
update code #118,pre_ai
changes #464,pre_ai
wip #144,pre_ai
stuff #442,pre_ai
fixed issue #200,pre_ai
updated file #157,pre_ai
minor fix #487,pre_ai
cleanup #348,pre_ai
bugfix #134,pre_ai
added feature #400,pre_ai
removed unused code #148,pre_ai
Merge branch 'main' #336,pre_ai
initial commit #71,pre_ai
v1.0 #233,pre_ai
fix bug #334,pre_ai
update code #299,pre_ai
changes #154,pre_ai
wip #90,pre_ai
stuff #334,pre_ai
fixed issue #199,pre_ai
updated file #161,pre_ai
minor fix #26,pre_ai
cleanup #121,pre_ai
bugfix #301,pre_ai
added feature #212,pre_ai
removed unused code #63,pre_ai
Merge branch 'main' #451,pre_ai
initial commit #436,pre_ai
v1.0 #68,pre_ai
fix bug #253,pre_ai
update code #410,pre_ai
changes #459,pre_ai
wip #2,pre_ai
stuff #398,pre_ai
fixed issue #108,pre_ai
updated file #286,pre_ai
minor fix #49,pre_ai
cleanup #140,pre_ai
bugfix #218,pre_ai
added feature #44,pre_ai
removed unused code #417,pre_ai
Merge branch 'main' #269,pre_ai
initial commit #78,pre_ai
v1.0 #216,pre_ai
fix bug #382,pre_ai
update code #98,pre_ai
changes #236,pre_ai
wip #282,pre_ai
stuff #149,pre_ai
fixed issue #412,pre_ai
updated file #304,pre_ai
minor fix #484,pre_ai
cleanup #424,pre_ai
bugfix #66,pre_ai
added feature #234,pre_ai
removed unused code #457,pre_ai
Merge branch 'main' #87,pre_ai
initial commit #79,pre_ai
v1.0 #205,pre_ai
fix bug #279,pre_ai
update code #337,pre_ai
changes #254,pre_ai
wip #304,pre_ai
stuff #380,pre_ai
fixed issue #130,pre_ai
updated file #84,pre_ai
minor fix #276,pre_ai
cleanup #187,pre_ai
bugfix #46,pre_ai
added feature #387,pre_ai
removed unused code #183,pre_ai
Merge branch 'main' #268,pre_ai
initial commit #296,pre_ai
v1.0 #322,pre_ai
fix bug #100,pre_ai
update code #78,pre_ai
changes #272,pre_ai
wip #339,pre_ai
stuff #162,pre_ai
fixed issue #44,pre_ai
updated file #238,pre_ai
minor fix #134,pre_ai
cleanup #461,pre_ai
bugfix #192,pre_ai
added feature #356,pre_ai
removed unused code #278,pre_ai
Merge branch 'main' #18,pre_ai
initial commit #12,pre_ai
v1.0 #180,pre_ai
fix bug #123,pre_ai
update code #246,pre_ai
changes #222,pre_ai
wip #373,pre_ai
stuff #51,pre_ai
fixed issue #488,pre_ai
updated file #71,pre_ai
minor fix #480,pre_ai
cleanup #48,pre_ai
bugfix #19,pre_ai
added feature #262,pre_ai
removed unused code #84,pre_ai
Merge branch 'main' #155,pre_ai
initial commit #53,pre_ai
v1.0 #107,pre_ai
fix bug #357,pre_ai
update code #304,pre_ai
changes #135,pre_ai
wip #443,pre_ai
stuff #69,pre_ai
fixed issue #11,pre_ai
updated file #143,pre_ai
minor fix #192,pre_ai
cleanup #387,pre_ai
bugfix #378,pre_ai
added feature #69,pre_ai
removed unused code #23,pre_ai
Merge branch 'main' #181,pre_ai
initial commit #293,pre_ai
v1.0 #9,pre_ai
fix bug #271,pre_ai
update code #387,pre_ai
changes #93,pre_ai
wip #454,pre_ai
stuff #17,pre_ai
fixed issue #154,pre_ai
updated file #405,pre_ai
minor fix #328,pre_ai
cleanup #149,pre_ai
bugfix #377,pre_ai
added feature #267,pre_ai
removed unused code #422,pre_ai
Merge branch 'main' #328,pre_ai
initial commit #106,pre_ai
v1.0 #472,pre_ai
fix bug #381,pre_ai
update code #35,pre_ai
changes #119,pre_ai
wip #14,pre_ai
stuff #14,pre_ai
fixed issue #266,pre_ai
updated file #140,pre_ai
minor fix #294,pre_ai
cleanup #364,pre_ai
bugfix #119,pre_ai
added feature #238,pre_ai
removed unused code #34,pre_ai
Merge branch 'main' #169,pre_ai
initial commit #10,pre_ai
v1.0 #122,pre_ai
fix bug #401,pre_ai
update code #145,pre_ai
changes #451,pre_ai
wip #446,pre_ai
stuff #223,pre_ai
fixed issue #371,pre_ai
updated file #257,pre_ai
minor fix #268,pre_ai
cleanup #359,pre_ai
bugfix #4,pre_ai
added feature #426,pre_ai
removed unused code #397,pre_ai
Merge branch 'main' #354,pre_ai
initial commit #106,pre_ai
v1.0 #85,pre_ai
fix bug #214,pre_ai
update code #121,pre_ai
changes #132,pre_ai
wip #338,pre_ai
stuff #197,pre_ai
fixed issue #19,pre_ai
updated file #130,pre_ai
minor fix #12,pre_ai
cleanup #81,pre_ai
bugfix #330,pre_ai
added feature #354,pre_ai
removed unused code #262,pre_ai
Merge branch 'main' #392,pre_ai
initial commit #125,pre_ai
v1.0 #307,pre_ai
fix bug #267,pre_ai
update code #447,pre_ai
changes #441,pre_ai
wip #383,pre_ai
stuff #140,pre_ai
fixed issue #329,pre_ai
updated file #2,pre_ai
minor fix #8,pre_ai
cleanup #250,pre_ai
bugfix #139,pre_ai
added feature #124,pre_ai
removed unused code #309,pre_ai
Merge branch 'main' #228,pre_ai
initial commit #10,pre_ai
v1.0 #469,pre_ai
fix bug #212,pre_ai
update code #112,pre_ai
changes #8,pre_ai
wip #292,pre_ai
stuff #477,pre_ai
fixed issue #362,pre_ai
updated file #460,pre_ai
minor fix #253,pre_ai
cleanup #14,pre_ai
bugfix #240,pre_ai
added feature #438,pre_ai
removed unused code #242,pre_ai
Merge branch 'main' #469,pre_ai
initial commit #342,pre_ai
v1.0 #149,pre_ai
fix bug #236,pre_ai
update code #306,pre_ai
changes #478,pre_ai
wip #167,pre_ai
stuff #20,pre_ai
fixed issue #216,pre_ai
updated file #343,pre_ai
minor fix #135,pre_ai
cleanup #393,pre_ai
bugfix #129,pre_ai
added feature #410,pre_ai
removed unused code #422,pre_ai
Merge branch 'main' #294,pre_ai
initial commit #246,pre_ai
v1.0 #189,pre_ai
fix bug #44,pre_ai
update code #86,pre_ai
changes #44,pre_ai
wip #330,pre_ai
stuff #375,pre_ai
fixed issue #446,pre_ai
updated file #378,pre_ai
minor fix #390,pre_ai
cleanup #145,pre_ai
bugfix #51,pre_ai
added feature #242,pre_ai
removed unused code #294,pre_ai
Merge branch 'main' #408,pre_ai
initial commit #51,pre_ai
v1.0 #266,pre_ai
fix bug #120,pre_ai
update code #200,pre_ai
changes #405,pre_ai
wip #248,pre_ai
stuff #70,pre_ai
fixed issue #341,pre_ai
updated file #57,pre_ai
minor fix #382,pre_ai
cleanup #39,pre_ai
bugfix #472,pre_ai
added feature #289,pre_ai
removed unused code #443,pre_ai
Merge branch 'main' #18,pre_ai
initial commit #440,pre_ai
v1.0 #220,pre_ai
fix bug #313,pre_ai
update code #244,pre_ai
changes #352,pre_ai
wip #460,pre_ai
stuff #304,pre_ai
fixed issue #298,pre_ai
updated file #283,pre_ai
minor fix #74,pre_ai
cleanup #110,pre_ai
bugfix #180,pre_ai
added feature #426,pre_ai
removed unused code #32,pre_ai
Merge branch 'main' #234,pre_ai
initial commit #282,pre_ai
v1.0 #25,pre_ai
fix bug #331,pre_ai
update code #279,pre_ai
changes #226,pre_ai
wip #57,pre_ai
stuff #180,pre_ai
fixed issue #232,pre_ai
updated file #382,pre_ai
minor fix #343,pre_ai
cleanup #477,pre_ai
bugfix #287,pre_ai
added feature #64,pre_ai
removed unused code #455,pre_ai
Merge branch 'main' #232,pre_ai
initial commit #289,pre_ai
v1.0 #213,pre_ai
fix bug #258,pre_ai
update code #18,pre_ai
changes #175,pre_ai
wip #417,pre_ai
stuff #229,pre_ai
fixed issue #226,pre_ai
updated file #84,pre_ai
minor fix #291,pre_ai
cleanup #435,pre_ai
bugfix #370,pre_ai
added feature #246,pre_ai
removed unused code #402,pre_ai
Merge branch 'main' #110,pre_ai
initial commit #254,pre_ai
v1.0 #88,pre_ai
fix bug #72,pre_ai
update code #381,pre_ai
changes #30,pre_ai
wip #172,pre_ai
stuff #309,pre_ai
fixed issue #394,pre_ai
updated file #343,pre_ai
minor fix #436,pre_ai
cleanup #177,pre_ai
bugfix #139,pre_ai
added feature #194,pre_ai
removed unused code #186,pre_ai
Merge branch 'main' #218,pre_ai
initial commit #164,pre_ai
v1.0 #161,pre_ai
fix bug #431,pre_ai
update code #13,pre_ai
changes #296,pre_ai
wip #89,pre_ai
stuff #324,pre_ai
fixed issue #42,pre_ai
updated file #403,pre_ai
minor fix #210,pre_ai
cleanup #229,pre_ai
bugfix #350,pre_ai
added feature #275,pre_ai
removed unused code #442,pre_ai
Merge branch 'main' #279,pre_ai
initial commit #251,pre_ai
v1.0 #310,pre_ai
fix bug #208,pre_ai
update code #321,pre_ai
changes #140,pre_ai
wip #280,pre_ai
stuff #34,pre_ai
fixed issue #309,pre_ai
updated file #392,pre_ai
minor fix #18,pre_ai
cleanup #57,pre_ai
bugfix #112,pre_ai
added feature #5,pre_ai
removed unused code #410,pre_ai
Merge branch 'main' #414,pre_ai
initial commit #182,pre_ai
v1.0 #13,pre_ai
fix bug #339,pre_ai
update code #285,pre_ai
changes #259,pre_ai
wip #90,pre_ai
stuff #104,pre_ai
fixed issue #379,pre_ai
updated file #186,pre_ai
minor fix #250,pre_ai
cleanup #255,pre_ai
bugfix #76,pre_ai
added feature #386,pre_ai
removed unused code #459,pre_ai
Merge branch 'main' #108,pre_ai
initial commit #156,pre_ai
v1.0 #82,pre_ai
fix bug #77,pre_ai
update code #485,pre_ai
changes #470,pre_ai
wip #460,pre_ai
stuff #258,pre_ai
fixed issue #127,pre_ai
updated file #485,pre_ai
minor fix #391,pre_ai
cleanup #282,pre_ai
bugfix #474,pre_ai
